Well Name,Fluid Above Pump (ft),Gas Free Above Pump (ft),Date,Time
Aniken#1,21,21,10/3/2023,1:39:16 PM
Annpick#1,121,121,6/10/2022,9:56:25 AM
Annpick#1,,,6/20/2022,9:47:26 AM
Annpick#1,340,340,6/20/2022,10:00:38 AM
Annpick#1,140,140,6/30/2022,3:05:52 PM
Annpick#1,,,7/13/2022,12:36:46 PM
Annpick#1,87,30,7/13/2022,12:47:21 PM
Annpick#1,56,47,7/28/2022,11:15:52 AM
Annpick#1,30,30,5/25/2023,11:41:25 AM
Annpick#1,4,4,1/30/2024,12:18:18 PM
Annpick#1,7,7,1/30/2024,12:23:26 PM
BALFOUR #1,,,6/6/2022,9:45:21 AM
BALFOUR #1,4983,932,6/6/2022,10:02:03 AM
BALFOUR #1,,,6/9/2022,12:17:35 PM
BALFOUR #1,4142,775,6/9/2022,12:30:15 PM
BALFOUR #1,,,6/13/2022,10:46:33 AM
BALFOUR #1,5566,1041,6/13/2022,11:04:02 AM
BALFOUR #1,,,6/20/2022,12:22:03 PM
BALFOUR #1,5047,1361,6/20/2022,12:36:29 PM
BALFOUR #1,,,6/24/2022,11:53:08 AM
BALFOUR #1,5441,1017,6/24/2022,12:06:25 PM
BALFOUR #1,,,6/27/2022,1:49:28 PM
BALFOUR #1,5320,1041,6/27/2022,2:07:09 PM
BALFOUR #1,,,7/7/2022,3:08:28 PM
BALFOUR #1,5839,1092,7/7/2022,3:22:22 PM
BALFOUR #1,1555,466,7/13/2022,9:28:37 AM
BALFOUR #1,,,7/13/2022,9:45:21 AM
BALFOUR #1,,,7/10/2023,9:51:25 AM
BALFOUR #1,779,164,7/10/2023,10:07:48 AM
BALFOUR #1,,,1/27/2024,2:28:59 PM
BALFOUR #1,1510,441,1/27/2024,2:33:27 PM
BALFOUR #1,,,4/25/2024,11:58:47 AM
BALFOUR #1,301,77,4/25/2024,12:00:07 PM
BARRIER#1,,,6/8/2022,9:43:58 AM
BARRIER#1,13,4,6/8/2022,10:01:28 AM
BARRIER#1,474,126,6/30/2022,1:50:38 PM
BARRIER#1,,,7/11/2022,2:58:05 PM
BARRIER#1,3,1,7/11/2022,3:13:34 PM
BARRIER#1,494,131,7/14/2022,3:14:13 PM
BARRIER#1,486,130,7/19/2022,8:57:20 AM
BARRIER#1,,,7/6/2023,3:12:38 PM
BARRIER#1,71,18,7/6/2023,3:38:02 PM
BARRIER#1,,,2/2/2024,2:34:13 PM
BARRIER#1,3176,831,2/2/2024,2:38:51 PM
BARRIER#1,,,2/2/2024,2:41:38 PM
Beeler #16,3485,3485,4/12/2024,4:00:54 PM
Beeler #16,,,4/16/2024,10:37:05 AM
Beeler #16,4969,4969,4/16/2024,10:52:26 AM
Beeler #16,,,4/22/2024,12:10:46 PM
Beeler #16,5138,1287,4/22/2024,12:23:19 PM
Beeler #16,,,4/23/2024,10:17:18 AM
Beeler #16,5343,5343,4/23/2024,10:19:42 AM
Beeler #16,,,4/23/2024,10:35:58 AM
Beeler #16,,,4/26/2024,2:55:19 PM
Beeler #16,5115,1225,4/26/2024,2:57:18 PM
Beeler #16,5158,1104,4/26/2024,3:14:29 PM
Beeler #16,,,4/26/2024,3:18:47 PM
Beeler #16,,,4/26/2024,3:25:20 PM
Beeler #16,,,4/29/2024,4:04:45 PM
Beeler #16,4692,1339,4/29/2024,4:07:10 PM
Beeler #17,690,195,4/18/2024,12:24:58 PM
Beeler #17,,,4/19/2024,12:17:16 PM
Beeler #17,,,4/22/2024,1:00:22 PM
Beeler #17,1893,1893,4/22/2024,1:16:37 PM
Beeler #17,,,4/23/2024,10:40:40 AM
Beeler #17,1668,394,4/23/2024,10:55:03 AM
Beeler Ranch #1,,,6/10/2022,11:56:17 AM
Beeler Ranch #1,3187,639,6/10/2022,12:08:39 PM
Beeler Ranch #1,,,7/25/2022,2:59:32 PM
Beeler Ranch #1,1300,283,7/25/2022,3:12:52 PM
Beeler Ranch #1,,,7/11/2023,12:32:31 PM
,,,8/14/2023,11:11:30 AM
,,,8/14/2023,11:11:30 AM
Beeler Ranch #1,1367,334,8/14/2023,11:11:30 AM
Beeler Ranch #1,,,11/28/2023,12:06:17 PM
Beeler Ranch #1,1275,285,11/28/2023,12:20:29 PM
Beeler Ranch #1,,,1/17/2024,2:32:52 PM
Beeler Ranch #1,2552,574,1/17/2024,2:48:03 PM
Beeler Ranch #1,,,1/24/2024,1:25:28 PM
Beeler Ranch #1,3297,3297,1/24/2024,1:29:06 PM
Beeler Ranch #1,,,4/24/2024,11:36:18 AM
Beeler Ranch #1,3363,3074,4/24/2024,11:39:40 AM
Beeler Ranch #1,2743,2743,4/30/2024,8:20:23 AM
Bermuda#1,219,219,6/8/2022,11:01:30 AM
Bermuda#1,,,8/9/2023,11:11:25 AM
Bermuda#1,313,313,8/9/2023,11:24:57 AM
Bigsonny#1,,,7/19/2022,3:05:10 PM
Bigsonny#1,,,7/19/2022,3:17:28 PM
Bigsonny#1,260,260,8/2/2023,11:15:15 AM
Blackmon#1,,,6/3/2022,1:54:38 PM
Blackmon#1,21,10,6/3/2022,2:07:10 PM
Blackmon#1,,,7/7/2022,1:54:54 PM
Blackmon#1,605,152,7/7/2022,2:07:10 PM
Blackmon#1,,,7/12/2022,12:20:58 PM
Blackmon#1,,,7/12/2022,12:32:56 PM
Blackmon#1,,,7/18/2022,11:20:46 AM
Blackmon#1,599,156,7/18/2022,11:33:10 AM
Blackmon#1,,,7/28/2022,8:43:49 AM
Blackmon#1,800,185,7/28/2022,9:05:11 AM
Blackmon#1,,,4/5/2023,12:48:38 PM
Blackmon#1,672,176,4/5/2023,1:02:39 PM
BlasReyes#1,,,7/19/2022,1:51:14 PM
BlasReyes#1,48,12,7/19/2022,2:07:08 PM
BlasReyes#1,103,103,8/2/2023,10:20:33 AM
Booth Beeler #9 RE,,,3/28/2024,4:51:28 PM
,,,3/28/2024,4:51:28 PM
,,,3/28/2024,4:51:28 PM
Branton #1,23,23,6/7/2022,10:53:44 AM
Branton #1,14,14,6/15/2022,8:36:25 AM
Branton #1,,,7/29/2022,11:19:22 AM
Branton #1,,,7/29/2022,11:33:04 AM
Branton #1,1974,1974,12/7/2023,9:56:40 AM
BruceWeaver #1,570,491,7/21/2022,8:43:17 AM
BruceWeaver #1,1398,1034,7/12/2023,12:45:20 PM
BruceWeaver #1,,,7/12/2023,12:57:32 PM
BruceWeaver #1,,,12/7/2023,10:00:50 AM
BruceWeaver #1,1818,1367,12/7/2023,10:03:04 AM
BruceWeaver #2 RE -Old,,,6/28/2023,4:24:29 PM
BruceWeaver #2 RE -Old,,,7/13/2023,11:26:21 AM
BruceWeaver #2 RE -Old,3104,1113,7/13/2023,11:39:36 AM
BruceWeaver #2 RE -Old,,,7/24/2023,11:59:50 AM
BruceWeaver #2 RE -Old,3377,1961,7/24/2023,12:19:34 PM
BruceWeaver #2 RE -Old,,,7/31/2023,10:15:41 AM
BruceWeaver #2 RE -Old,3169,1217,7/31/2023,10:30:05 AM
BruceWeaver #2 RE -Old,,,9/21/2023,1:55:00 PM
BruceWeaver #2 RE -Old,3503,1189,9/21/2023,2:13:43 PM
BruceWeaver #2 RE -Old,2400,1638,10/17/2023,2:46:02 PM
BruceWeaver #2 RE -Old,,,11/21/2023,2:24:27 PM
BruceWeaver #2 RE -Old,3839,2254,11/21/2023,2:37:49 PM
BruceWeaver #2 RE,,,6/28/2023,4:24:29 PM
BruceWeaver #2 RE,,,7/13/2023,11:26:21 AM
BruceWeaver #2 RE,3104,1113,7/13/2023,11:39:36 AM
BruceWeaver #2 RE,,,7/24/2023,11:59:50 AM
BruceWeaver #2 RE,3329,1913,7/24/2023,12:19:34 PM
BruceWeaver #2 RE,,,7/31/2023,10:15:41 AM
BruceWeaver #2 RE,3112,1195,7/31/2023,10:30:05 AM
BruceWeaver #2 RE,,,9/21/2023,1:55:00 PM
BruceWeaver #2 RE,3459,1174,9/21/2023,2:13:43 PM
BruceWeaver #2 RE,2330,1590,10/17/2023,2:46:02 PM
BruceWeaver #2 RE,,,11/21/2023,2:24:27 PM
BruceWeaver #2 RE,3802,2208,11/21/2023,2:37:49 PM
BruceWeaver #2 RE,3550,2975,12/5/2023,2:44:01 PM
BruceWeaver #2 RE,,,12/5/2023,2:47:00 PM
BruceWeaver #2 RE,,,1/31/2024,2:43:35 PM
BruceWeaver #2 RE,2851,583,1/31/2024,2:46:19 PM
BruceWeaver #2 RE,,,1/31/2024,3:03:01 PM
BruceWeaver #2 RE,1947,457,1/31/2024,3:05:58 PM
BruceWeaver #2 RE,,,1/31/2024,3:38:12 PM
BruceWeaver #2 RE,1611,486,1/31/2024,3:43:31 PM
BruceWeaver #2 RE,1847,1425,1/31/2024,4:15:21 PM
BruceWeaver #2 RE,,,2/2/2024,1:04:47 PM
BruceWeaver #2 RE,4483,838,2/2/2024,1:07:14 PM
BruceWeaver #2 RE,,,3/5/2024,3:34:49 PM
,,,3/5/2024,3:34:49 PM
BruceWeaver #2 RE,1822,624,3/5/2024,3:37:48 PM
BruceWeaver #2 RE,,,3/8/2024,8:16:34 AM
BruceWeaver #2 RE,1599,1315,3/8/2024,8:17:44 AM
BruceWeaver #2 RE,1581,444,3/8/2024,8:26:36 AM
BruceWeaver #2 RE,,,3/26/2024,9:14:17 AM
BruceWeaver #2 RE,,,3/26/2024,9:28:55 AM
BruceWeaver #2 RE,1662,411,3/26/2024,9:30:55 AM
BruceWeaver #2 RE,1178,1111,3/26/2024,10:44:40 AM
BruceWeaver #2 RE,,,3/26/2024,10:52:07 AM
BruceWeaver #2 RE,1151,1098,3/26/2024,11:02:07 AM
BruceWeaver #2 RE,,,3/26/2024,11:43:21 AM
BruceWeaver #2 RE,1067,884,3/26/2024,11:47:43 AM
BruceWeaver #2 RE,,,3/26/2024,4:39:15 PM
BruceWeaver #2 RE,1543,1117,3/26/2024,4:43:33 PM
BruceWeaver #2 RE,1492,1492,3/26/2024,5:01:21 PM
BruceWeaver #2 RE,,,3/26/2024,5:18:34 PM
BruceWeaver #2 RE,,,3/27/2024,4:55:59 PM
BruceWeaver #2 RE,1439,708,3/27/2024,4:58:01 PM
BruceWeaver #2 RE,,,3/28/2024,12:44:02 PM
BruceWeaver #2 RE,666,433,3/28/2024,12:45:44 PM
BruceWeaver #2 RE,,,3/30/2024,10:15:05 AM
BruceWeaver #2 RE,2024,485,3/30/2024,10:16:51 AM
BruceWeaver #2 RE,1324,418,3/30/2024,10:49:03 AM
BruceWeaver #2 RE,,,3/31/2024,10:24:28 AM
BruceWeaver #2 RE,,,4/23/2024,11:22:38 AM
BruceWeaver #2 RE,1563,426,4/23/2024,11:23:25 AM
BruceWeaver #2 RE,521,521,4/23/2024,1:05:26 PM
BruceWeaver #2 RE,,,4/23/2024,1:10:00 PM
BruceWeaver #2 RE,,,4/24/2024,1:26:50 PM
BruceWeaver #2 RE,1122,267,4/24/2024,1:28:14 PM
BruceWeaver #2 RE,344,251,4/24/2024,2:33:56 PM
BruceWeaver #2 RE,,,4/24/2024,2:37:15 PM
BruceWeaver #2 RE,,,4/25/2024,10:42:56 AM
BruceWeaver #2 RE,398,333,4/25/2024,10:44:56 AM
BruceWeaver #2 RE,,,4/25/2024,10:55:12 AM
BruceWeaver #2 RE,313,261,4/25/2024,10:57:01 AM
BruceWeaver #2-H,137,119,7/21/2022,9:25:05 AM
Burns Ranch #2,,,4/2/2024,3:05:34 PM
Burns Ranch #2,,,4/2/2024,3:29:38 PM
Burns Ranch #2,,,4/2/2024,4:09:31 PM
Burns Ranch #2,,,4/2/2024,4:42:48 PM
BurnsRanch GT#1,3543,3543,12/29/2022,11:52:24 AM
BurnsRanch GT#1,2671,695,1/12/2023,10:18:33 AM
BurnsRanch GT#1,,,2/28/2023,3:59:24 PM
BurnsRanch GT#1,3027,3027,2/28/2023,4:14:15 PM
BurnsRanch GT#1,,,3/6/2023,1:56:01 PM
BurnsRanch GT#1,822,206,3/6/2023,2:09:04 PM
Cannan#1,,,4/20/2023,1:58:24 PM
Cannan#1,895,224,4/20/2023,2:16:19 PM
Cannan#1,,,7/24/2023,10:05:58 AM
Cannan#1,793,214,7/24/2023,10:24:33 AM
Cannan#1,67,67,1/8/2024,2:27:22 PM
Cannan#1,70,70,1/8/2024,2:35:05 PM
Cannan#1,,,1/8/2024,2:59:48 PM
Cannan#1,,,2/2/2024,10:46:24 AM
Cannan#1,9,9,2/2/2024,10:50:19 AM
CarolPick#1,,,6/30/2022,3:40:44 PM
CarolPick#1,1608,367,6/30/2022,3:54:13 PM
CarolPick#1,300,205,7/7/2022,9:42:46 AM
CarolPick#1,,,7/12/2022,10:58:55 AM
CarolPick#1,949,225,7/12/2022,11:12:44 AM
CarolPick#1,,,7/14/2022,8:50:09 AM
CarolPick#1,500,395,7/14/2022,9:04:03 AM
CarolPick#1,,,7/18/2022,9:54:46 AM
CarolPick#1,503,94,7/18/2022,10:06:51 AM
CarolPick#1,,,10/31/2022,2:35:55 PM
CarolPick#1,821,200,10/31/2022,2:49:22 PM
CarolPick#1,,,5/25/2023,1:36:22 PM
CarolPick#1,765,244,5/25/2023,1:52:54 PM
CarolPick#1,,,1/29/2024,1:02:06 PM
,,,1/29/2024,1:02:06 PM
CarolPick#1,,,1/29/2024,1:08:33 PM
Carolyn#1,,,6/28/2022,1:38:20 PM
Carolyn#1,167,48,6/28/2022,1:50:12 PM
Carolyn#1,,,7/29/2022,2:04:52 PM
Carolyn#1,92,29,7/29/2022,2:16:14 PM
Carolyn#1,,,4/17/2023,2:39:54 PM
Carolyn#1,135,46,4/17/2023,2:56:55 PM
Carolyn#1,,,5/2/2023,11:47:24 AM
Carolyn#1,401,141,5/2/2023,12:04:33 PM
Cenizo#1,,,7/20/2022,2:36:32 PM
Cenizo#1,,,7/29/2022,10:32:39 AM
Cenizo#1,,,7/29/2022,10:44:15 AM
Cenizo#1,,,4/5/2023,2:51:30 PM
Cenizo#1,1,0,4/5/2023,3:24:13 PM
Cenizo#1,,,11/14/2023,1:34:16 PM
Cenizo#1,594,594,11/14/2023,1:51:00 PM
Cenizo#1,,,11/16/2023,12:21:35 PM
Cenizo#1,493,493,11/16/2023,12:36:40 PM
Cenizo#1,,,11/20/2023,9:14:50 AM
Cenizo#1,,,11/20/2023,9:27:42 AM
Cenizo#1,520,520,11/20/2023,9:47:32 AM
Cenizo#1,,,11/21/2023,11:25:50 AM
Cenizo#1,,,11/21/2023,11:36:34 AM
Cenizo#1,,,11/29/2023,10:30:16 AM
Cenizo#1,532,532,11/29/2023,10:52:06 AM
Cenizo#1,476,476,12/1/2023,2:30:46 PM
Cenizo#1,,,12/1/2023,2:36:51 PM
Cenizo#1,538,538,12/4/2023,1:42:14 PM
Cenizo#1,,,12/4/2023,1:47:40 PM
Cenizo#1,631,631,12/5/2023,9:46:14 AM
Cenizo#1,,,12/5/2023,9:50:51 AM
Cenizo#1,365,365,12/7/2023,2:06:31 PM
Cenizo#1,,,12/7/2023,2:09:47 PM
Cenizo#1,,,12/19/2023,9:32:07 AM
Cenizo#1,542,542,12/19/2023,9:44:29 AM
Cenizo#1,,,1/5/2024,3:29:46 PM
,,,1/5/2024,3:29:46 PM
Cenizo#1,875,205,1/5/2024,3:37:29 PM
Cenizo#1,,,1/9/2024,3:37:52 PM
Cenizo#1,298,77,1/9/2024,3:41:14 PM
Cenizo#1,,,1/9/2024,3:57:11 PM
Cenizo#1,,,1/24/2024,12:29:32 PM
Cenizo#1,,,1/24/2024,12:32:12 PM
Cenizo#1,,,1/26/2024,10:24:36 AM
Cenizo#1,91,91,1/26/2024,10:27:39 AM
Cenizo#1,,,1/28/2024,1:19:23 PM
Cenizo#1,40,11,1/28/2024,1:22:21 PM
Cenizo#1,,,2/1/2024,4:22:27 PM
Cenizo#1,10,10,2/1/2024,4:25:32 PM
Cenizo#1,,,2/1/2024,4:29:04 PM
Cenizo#1,30,30,2/1/2024,4:38:03 PM
Cenizo#1,,,2/2/2024,3:55:04 PM
Cenizo#1,60,47,2/2/2024,3:57:36 PM
Cenizo#1,,,3/4/2024,5:10:43 PM
Cenizo#1,48,40,3/4/2024,5:12:46 PM
,,,3/6/2024,4:57:13 PM
Cenizo#1,,,3/6/2024,4:57:13 PM
Cenizo#1,,,3/6/2024,4:59:43 PM
Cenizo#1,,,3/8/2024,8:49:56 AM
Cenizo#1,,,3/8/2024,8:52:44 AM
Cenizo#1,,,3/26/2024,1:59:17 PM
Cenizo#1,,,3/26/2024,2:01:50 PM
Cenizo#1,,,4/2/2024,8:57:25 AM
Cenizo#1,,,4/2/2024,9:00:00 AM
Cenizo#1,,,4/2/2024,9:08:02 AM
Chad#1,,,6/22/2022,9:50:13 AM
Chad#1,325,230,6/22/2022,10:05:44 AM
Chad#1,,,7/14/2022,10:05:30 AM
Chad#1,404,288,7/14/2022,10:21:01 AM
Chad#1,324,324,7/20/2022,3:45:11 PM
Chad#1,,,7/28/2022,1:30:09 PM
Chad#1,256,110,7/28/2022,1:45:39 PM
Chad#1,,,9/22/2022,10:14:48 AM
Chad#1,199,117,9/22/2022,10:32:12 AM
Chad#1,,,4/26/2023,2:11:11 PM
Chad#1,,,4/26/2023,2:27:55 PM
Chad#1,,,11/15/2023,1:28:08 PM
Chad#1,2234,695,11/15/2023,1:43:35 PM
Chad#1,446,334,11/16/2023,11:17:32 AM
Chad#1,,,11/20/2023,10:37:11 AM
Chad#1,379,301,11/20/2023,10:54:59 AM
Chad#1,,,11/27/2023,2:35:42 PM
Chad#1,364,156,11/27/2023,2:52:38 PM
Chad#1,,,11/29/2023,11:36:20 AM
Chad#1,,,11/29/2023,11:51:24 AM
Chad#1,212,131,11/29/2023,12:09:49 PM
Chad#1,259,259,12/4/2023,12:17:35 PM
Chad#1,,,12/4/2023,12:24:35 PM
Chad#1,150,141,12/6/2023,2:18:30 PM
Chad#1,,,12/6/2023,2:20:37 PM
Chad#1,,,12/6/2023,2:28:56 PM
Chad#1,,,1/7/2024,12:06:17 PM
Chad#1,610,346,1/7/2024,12:10:19 PM
Chad#1,,,1/10/2024,3:28:46 PM
Chad#1,649,426,1/10/2024,3:32:52 PM
Chad#1,,,1/24/2024,2:09:05 PM
Chad#1,574,501,1/24/2024,2:11:47 PM
Chad#1,320,115,1/28/2024,12:32:43 PM
Chad#1,,,1/28/2024,12:37:38 PM
Chad#1,,,2/2/2024,1:23:18 PM
Chad#1,363,151,2/2/2024,1:26:38 PM
Chad#1,,,3/4/2024,5:42:19 PM
Chad#1,307,124,3/4/2024,5:46:56 PM
Chad#1,,,3/7/2024,9:05:28 AM
Chad#1,290,95,3/7/2024,9:08:22 AM
Chad#1,,,3/26/2024,12:15:27 PM
Chad#1,,,3/26/2024,12:19:31 PM
Chad#1,268,177,3/26/2024,12:22:12 PM
Chad#1,,,4/26/2024,1:58:36 PM
Chad#1,170,116,4/26/2024,2:06:00 PM
CharlesB#1,,,6/8/2022,8:35:26 AM
CharlesB#1,421,218,6/8/2022,8:54:33 AM
CharlesB#1,170,51,6/30/2022,1:02:31 PM
CharlesB#1,43,12,7/11/2022,1:41:24 PM
CharlesB#1,5,1,7/14/2022,2:02:24 PM
CharlesB#1,,,4/27/2023,1:05:39 PM
CharlesB#1,9,3,4/27/2023,1:30:27 PM
CircleT#1,,,6/29/2022,8:39:21 AM
CircleT#1,494,494,6/29/2022,8:57:15 AM
CircleT#1,,,7/31/2023,2:06:08 PM
CMWW #1,,,4/11/2024,2:32:26 PM
CMWW #1,3132,650,4/11/2024,2:51:06 PM
CMWW #1,,,4/16/2024,1:31:45 PM
CMWW #1,3938,736,4/16/2024,1:46:13 PM
CMWW #1,,,4/27/2024,2:31:08 PM
CMWW #1,3602,706,4/27/2024,2:32:41 PM
CMWW #1,,,4/27/2024,2:40:53 PM
CR 101,,,6/1/2022,2:44:45 PM
CR 101,1390,1282,6/1/2022,3:02:40 PM
CR 101,,,6/3/2022,9:29:44 AM
CR 101,909,170,6/3/2022,9:45:14 AM
CR 101,,,6/6/2022,1:57:13 PM
CR 101,2890,541,6/6/2022,2:13:23 PM
CR 101,,,6/13/2022,1:49:42 PM
CR 101,1869,358,6/13/2022,2:08:24 PM
CR 101,,,6/16/2022,1:41:25 PM
CR 101,1674,321,6/16/2022,1:57:21 PM
CR 101,,,6/27/2022,8:35:20 AM
CR 101,1677,331,6/27/2022,8:53:16 AM
CR 101,,,4/3/2023,11:57:30 AM
CR 101,238,56,4/3/2023,12:22:00 PM
CR 101,,,5/22/2023,2:04:57 PM
CR 101,488,103,5/22/2023,2:21:58 PM
CR 101,,,2/1/2024,2:46:22 PM
CR 101,300,77,2/1/2024,2:48:59 PM
CR 101,127,33,2/1/2024,2:55:46 PM
CR 201,,,6/1/2022,3:38:02 PM
CR 201,510,97,6/1/2022,3:43:39 PM
CR 201,2956,553,6/3/2022,10:08:25 AM
CR 201,,,6/3/2022,10:37:50 AM
CR 201,,,6/6/2022,2:57:31 PM
CR 201,828,265,6/6/2022,3:12:25 PM
CR 201,,,6/13/2022,2:55:34 PM
CR 201,983,220,6/13/2022,3:15:56 PM
CR 201,,,6/16/2022,2:19:13 PM
CR 201,156,39,6/16/2022,2:33:03 PM
CR 201,,,6/20/2022,3:02:48 PM
CR 201,1125,232,6/20/2022,3:17:24 PM
CR 201,,,6/27/2022,9:28:53 AM
CR 201,461,100,6/27/2022,9:46:24 AM
CR 201,230,56,5/22/2023,1:15:51 PM
CR 201,410,89,2/1/2024,3:16:47 PM
CR 301,,,6/1/2022,1:38:50 PM
CR 301,2830,2830,6/1/2022,1:53:18 PM
CR 301,,,6/3/2022,8:32:29 AM
CR 301,3302,618,6/3/2022,8:46:13 AM
CR 301,3504,3504,6/6/2022,12:50:32 PM
CR 301,3474,650,6/6/2022,12:56:44 PM
CR 301,,,6/13/2022,12:38:08 PM
CR 301,1722,327,6/13/2022,12:51:02 PM
CR 301,,,6/16/2022,12:42:34 PM
CR 301,2835,530,6/16/2022,12:45:04 PM
CR 301,2612,490,6/21/2022,8:28:57 AM
CR 301,,,6/21/2022,8:35:56 AM
CR 301,,,6/1/2023,12:06:44 PM
CR 301,716,162,6/1/2023,12:20:24 PM
CR 301,,,2/1/2024,1:57:02 PM
CR 301,1138,1138,2/1/2024,1:59:44 PM
CR 301,1138,1138,2/1/2024,2:05:32 PM
CR 302,,,6/2/2022,8:46:24 AM
CR 302,2786,596,6/2/2022,8:59:42 AM
CR 302,,,6/30/2022,8:43:39 AM
CR 302,3279,824,6/30/2022,8:57:08 AM
CR 302,,,7/26/2022,9:24:48 AM
CR 302,983,267,7/26/2022,9:35:35 AM
CR 302,,,4/24/2023,1:00:59 PM
CR 302,868,231,4/24/2023,1:15:09 PM
CR 302,,,2/2/2024,8:33:02 AM
CR 302,,,2/2/2024,8:36:34 AM
CR 401,,,6/2/2022,12:25:51 PM
CR 401,119,30,6/2/2022,12:43:36 PM
CR 401,,,7/26/2022,12:56:27 PM
CR 401,51,13,7/26/2022,1:07:13 PM
CR 401,1746,1746,6/1/2023,1:54:12 PM
CR 401,200,58,9/27/2023,10:59:29 AM
CR 501,,,6/2/2022,10:22:07 AM
CR 501,813,201,6/2/2022,10:35:58 AM
CR 501,,,6/30/2022,10:54:53 AM
CR 501,942,332,6/30/2022,11:08:44 AM
CR 501,724,213,7/26/2022,11:10:41 AM
CR 501,,,4/3/2023,2:37:29 PM
CR 501,866,222,4/3/2023,2:53:40 PM
CR 501,659,421,9/26/2023,1:32:17 PM
CR 501,,,2/1/2024,11:15:11 AM
CR 501,788,273,2/1/2024,11:20:20 AM
CR 939H,5193,5193,9/29/2022,5:20:54 PM
CR 939H,4557,4557,9/29/2022,5:26:01 PM
CR 939H,,,9/30/2022,12:07:20 PM
CR 939H,,,10/4/2022,11:26:33 AM
CR 939H,2256,2256,10/4/2022,11:45:12 AM
CR 939H,,,10/5/2022,10:10:18 AM
CR 939H,1875,1875,10/5/2022,10:25:24 AM
CR 939H,,,10/7/2022,10:06:16 AM
CR 939H,1308,1308,10/7/2022,10:21:30 AM
CR 939H,,,10/10/2022,2:09:51 PM
CR 939H,831,831,10/10/2022,2:35:32 PM
CR 939H,,,10/12/2022,9:05:48 AM
CR 939H,344,279,10/12/2022,9:20:29 AM
CR 939H,,,10/13/2022,9:26:13 AM
CR 939H,200,200,10/13/2022,9:44:21 AM
CR 939H,,,10/14/2022,2:23:22 PM
CR 939H,268,246,10/14/2022,2:44:02 PM
CR 939H,,,10/18/2022,12:10:58 PM
CR 939H,357,320,10/18/2022,12:26:38 PM
CR 939H,,,10/21/2022,10:12:42 AM
CR 939H,265,254,10/21/2022,10:29:32 AM
CR 939H,,,10/26/2022,11:00:49 AM
CR 939H,531,492,10/26/2022,11:17:32 AM
CR 939H,,,11/2/2022,1:44:59 PM
CR 939H,248,235,11/2/2022,2:04:53 PM
CR 939H,,,6/1/2023,3:25:45 PM
CR 939H,219,219,6/1/2023,3:40:38 PM
Cross S#1,30,30,7/11/2023,11:00:38 AM
CT #1,,,6/7/2022,1:42:25 PM
CT #1,5592,1046,6/7/2022,1:58:48 PM
CT #1,,,6/20/2022,1:29:21 PM
CT #1,5230,978,6/20/2022,1:44:47 PM
CT #1,,,6/29/2022,11:35:34 AM
CT #1,4865,910,6/29/2022,11:48:14 AM
CT #1,,,7/26/2022,8:03:29 AM
CT #1,4836,904,7/26/2022,8:17:17 AM
CT #1,,,7/10/2023,12:05:22 PM
CT #1,4604,868,7/10/2023,12:19:37 PM
CT #1,,,10/31/2023,12:45:10 PM
CT #1,5274,986,10/31/2023,12:59:33 PM
CT #1,,,11/27/2023,12:30:47 PM
CT #1,5474,1024,11/27/2023,12:46:12 PM
CT #1,,,3/7/2024,3:22:28 PM
CT #1,2036,381,3/7/2024,3:25:06 PM
CT #1,,,3/7/2024,3:43:41 PM
CT #1,,,3/7/2024,3:48:44 PM
CT #1,,,3/29/2024,2:39:20 PM
,,,3/29/2024,2:41:45 PM
CT #1,162,33,3/29/2024,2:41:45 PM
Dale#1,,,7/21/2022,1:46:47 PM
Dale#1,-56,-56,7/21/2022,2:04:07 PM
Dale#1,,,9/22/2022,11:59:53 AM
Dale#1,409,409,9/22/2022,12:15:00 PM
Dale#1,,,5/2/2023,2:08:10 PM
Dale#1,152,55,3/7/2024,9:43:42 AM
Dial#1,,,6/10/2022,8:30:31 AM
Dial#1,116,116,6/10/2022,8:43:19 AM
Dial#1,5,5,6/16/2022,11:49:46 AM
Dial#1,,,6/24/2022,8:46:15 AM
Dial#1,46,46,6/24/2022,9:06:05 AM
Dial#1,,,6/28/2022,8:49:18 AM
Dial#1,19,19,6/28/2022,9:01:54 AM
Dial#1,,,12/16/2022,2:15:59 PM
Dial#1,146,39,12/16/2022,2:31:47 PM
Dial#1,173,124,1/5/2023,11:49:39 AM
Dial#1,,,1/5/2023,11:54:47 AM
Dial#1,,,7/10/2023,2:31:28 PM
Dial#1,235,235,7/10/2023,2:57:19 PM
Dial#1,,,12/19/2023,10:53:04 AM
Dial#1,401,401,12/19/2023,11:09:21 AM
Dixondale #1,3480,3480,4/12/2024,10:38:17 AM
Dixondale #1,,,4/12/2024,11:13:58 AM
Dixondale #1,,,4/17/2024,11:10:54 AM
Dixondale #1,3970,1127,4/17/2024,11:25:52 AM
Dixondale #1,,,4/22/2024,7:57:04 AM
,,,4/22/2024,8:12:20 AM
Dixondale #1,3604,2826,4/22/2024,8:12:20 AM
Dixondale #1,,,4/25/2024,12:38:41 PM
Dixondale #1,3874,1192,4/25/2024,12:40:56 PM
Dixondale #1,,,4/25/2024,12:56:45 PM
Drinkard #1 Gas Lift,111,111,10/10/2023,9:02:02 AM
Drinkard #1 Gas Lift,118,118,10/10/2023,9:03:35 AM
Drinkard#1,,,3/27/2024,10:51:54 AM
Drinkard#1,2369,1602,3/27/2024,10:53:49 AM
Drinkard#1,,,4/1/2024,10:56:28 AM
Drinkard#1,4944,1019,4/1/2024,11:00:51 AM
Drinkard#1,,,4/25/2024,11:28:33 AM
Drinkard#1,1946,398,4/25/2024,11:30:27 AM
Drinkard#1,,,4/25/2024,11:32:01 AM
Dunkle#2,,,4/12/2023,10:52:02 AM
Dunkle#2,26,8,4/12/2023,11:06:12 AM
Dunkle#2,,,1/9/2024,4:17:00 PM
Dunkle#2,725,566,1/9/2024,4:23:15 PM
Dunkle#2,,,1/9/2024,4:31:02 PM
Dunkle#2,,,1/10/2024,4:51:13 PM
Dunkle#2,783,539,1/10/2024,4:53:52 PM
Dunkle#2,,,3/4/2024,4:52:56 PM
Dunkle#2,630,530,3/4/2024,4:55:05 PM
Dunkle#2,0,0,3/4/2024,4:57:12 PM
Dyess#1,,,7/21/2022,2:37:28 PM
Dyess#1,150,150,7/21/2022,2:50:52 PM
Dyess#1,,,7/13/2023,12:51:27 PM
Dyess#1,,,7/13/2023,1:06:26 PM
Eileen#1,,,6/10/2022,10:35:26 AM
Eileen#1,55,33,6/10/2022,10:47:50 AM
Eileen#1,,,7/13/2022,1:38:29 PM
Eileen#1,38,17,7/13/2022,1:51:10 PM
Eileen#1,,,7/28/2022,11:50:49 AM
Eileen#1,49,15,7/28/2022,12:03:45 PM
Eileen#1,,,5/25/2023,12:44:09 PM
Eileen#1,3,2,5/25/2023,12:58:56 PM
Eileen#1,5,5,7/24/2023,1:42:51 PM
Evergreen#1,,,6/8/2022,12:55:13 PM
Evergreen#1,,,6/8/2022,1:13:27 PM
Fatheree #1,,,6/21/2023,10:22:58 AM
Fatheree #1,2498,2498,6/21/2023,10:40:37 AM
Fatheree #1,,,7/26/2023,2:25:54 PM
Fatheree #1,2111,2111,7/26/2023,2:41:13 PM
Fatheree #1,,,8/24/2023,10:20:08 AM
Fatheree #1,2575,1872,8/24/2023,10:34:06 AM
Fatheree #1,,,9/21/2023,3:30:32 PM
Fatheree #1,2100,2100,9/21/2023,3:47:50 PM
Fatheree #1,2001,2001,10/19/2023,12:36:38 PM
Fatheree #1,,,10/20/2023,9:19:37 AM
Fatheree #1,,,11/1/2023,2:31:24 PM
Fatheree #1,1928,1928,11/1/2023,2:46:15 PM
Fatheree #1,,,11/30/2023,2:55:54 PM
Fatheree #1,2311,2311,11/30/2023,3:05:44 PM
Fatheree #1,,,12/5/2023,1:53:25 PM
Fatheree #1,2637,1699,12/5/2023,2:05:32 PM
Fatheree #1,,,12/21/2023,12:51:45 PM
Fatheree #1,1697,1697,12/21/2023,1:05:28 PM
Fatheree #1,,,1/2/2024,9:20:55 AM
Fatheree #1,852,774,1/2/2024,9:36:16 AM
Fatheree #1,,,1/5/2024,1:47:49 PM
,,,1/5/2024,1:50:35 PM
Fatheree #1,2334,2334,1/5/2024,1:50:35 PM
Fatheree #1,,,1/8/2024,1:45:07 PM
Fatheree #1,,,1/27/2024,1:01:34 PM
Fatheree #1,1987,1987,1/27/2024,1:05:00 PM
Fatheree #1,,,2/2/2024,3:11:50 PM
Fatheree #1,2594,2594,2/2/2024,3:13:56 PM
,,,3/4/2024,4:14:01 PM
Fatheree #1,,,3/4/2024,4:14:01 PM
Fatheree #1,3735,3735,3/4/2024,4:16:37 PM
Fatheree #1,,,3/5/2024,12:15:32 PM
Fatheree #1,3917,3917,3/5/2024,12:17:22 PM
Fatheree #1,,,3/6/2024,3:49:29 PM
Fatheree #1,3798,3798,3/6/2024,3:51:52 PM
Fatheree #1,,,3/8/2024,9:09:13 AM
Fatheree #1,2818,2818,3/8/2024,9:10:58 AM
Fatheree #1,2818,2818,3/8/2024,9:21:54 AM
Fatheree #1,2834,2811,3/8/2024,9:27:30 AM
Fatheree #1,,,3/28/2024,2:57:43 PM
Fatheree #1,2009,2009,3/28/2024,2:59:25 PM
Fatheree #1,5321,1092,3/28/2024,3:00:56 PM
Fatheree #1,,,3/29/2024,12:52:17 PM
Fatheree #1,,,3/29/2024,12:53:11 PM
Fatheree #1,5964,1518,3/29/2024,1:00:21 PM
Fatheree #1,,,4/1/2024,2:04:27 PM
Fatheree #1,5302,1282,4/1/2024,2:06:24 PM
Fatheree #1,,,4/1/2024,2:13:24 PM
Fatheree #1,,,4/27/2024,1:23:37 PM
Fatheree #1,4745,1309,4/27/2024,1:25:12 PM
Flowers#1,,,6/3/2022,12:59:47 PM
Flowers#1,386,386,6/3/2022,1:12:55 PM
Flowers#1,,,7/18/2022,1:09:17 PM
Flowers#1,11,8,7/18/2022,1:22:02 PM
Flowers#1,,,4/4/2023,1:56:18 PM
Flowers#1,44,38,4/4/2023,2:30:29 PM
Flowers#1,,,5/25/2023,10:45:45 AM
Flowers#1,18,18,5/25/2023,10:59:12 AM
Flowers#1,37,37,12/6/2023,1:07:42 PM
Flowers#1,,,12/6/2023,1:10:57 PM
Flowers#1,,,3/7/2024,10:05:06 AM
Flowers#1,,,3/7/2024,10:09:01 AM
Flowers#1,,,3/7/2024,10:11:45 AM
Flowers#1,,,3/7/2024,10:13:02 AM
Flowers#1,,,3/7/2024,10:13:34 AM
Flowers#1,,,4/23/2024,1:46:21 PM
Flowers#1,47,47,4/23/2024,1:48:19 PM
Flowers#1,,,4/23/2024,1:51:37 PM
Gail#1,,,6/22/2022,10:32:11 AM
Gail#1,10,3,6/22/2022,10:42:47 AM
Gail#1,,,7/14/2022,10:43:30 AM
Gail#1,,,7/14/2022,10:54:29 AM
Gail#1,,,7/31/2023,11:38:25 AM
Gail#1,,,7/31/2023,11:54:01 AM
Gail#1,,,1/7/2024,1:29:16 PM
Gail#1,,,1/7/2024,1:33:43 PM
Gil#1,,,8/16/2023,10:48:10 AM
Gil#1,,,8/16/2023,11:02:52 AM
Grissom#1,,,8/17/2023,3:25:03 PM
Grissom#1,82,82,8/17/2023,3:37:23 PM
JBeeler #1,,,7/25/2022,12:24:20 PM
JBeeler #1,4858,1109,7/25/2022,12:40:28 PM
JBeeler #1,,,4/14/2023,11:29:53 AM
JBeeler #1,3174,2449,4/14/2023,11:51:00 AM
JBeeler #1,4283,1107,12/6/2023,1:46:58 PM
JBeeler #1,,,12/6/2023,1:49:05 PM
JBeeler #1,,,12/7/2023,3:11:45 PM
JBeeler #1,2166,1963,12/7/2023,3:30:01 PM
JBeeler #1,,,12/21/2023,10:48:50 AM
JBeeler #1,5001,1277,12/21/2023,11:03:32 AM
JBeeler #1,,,1/28/2024,11:08:16 AM
JBeeler #1,4724,1678,1/28/2024,11:15:50 AM
JBeeler #1,,,4/24/2024,12:09:57 PM
JBeeler #1,3897,1298,4/24/2024,12:12:07 PM
Jessica#1,,,3/24/2023,11:53:29 AM
Jessica#1,637,237,3/24/2023,12:07:29 PM
Jessica#1,,,4/13/2023,2:45:40 PM
Jessica#1,666,407,4/13/2023,3:02:10 PM
Jessica#1,601,372,7/5/2023,10:28:39 AM
Jessica#1,1056,282,12/1/2023,11:29:37 AM
Jessica#1,,,12/1/2023,11:35:04 AM
Jessica#1,,,12/1/2023,11:58:50 AM
Jessica#1,,,12/4/2023,11:01:06 AM
,,,12/4/2023,11:10:27 AM
Jessica#1,1041,283,12/4/2023,11:10:27 AM
Jessica#1,,,12/4/2023,11:47:37 AM
Jessica#1,806,508,12/6/2023,2:48:49 PM
Jessica#1,,,1/5/2024,2:42:12 PM
Jessica#1,,,1/5/2024,2:44:50 PM
Jessica#1,,,1/25/2024,10:53:06 AM
,,,1/25/2024,10:53:06 AM
Jessica#1,985,262,1/25/2024,10:58:29 AM
Jessica#1,834,250,1/25/2024,11:05:46 AM
Jessica#1,,,3/26/2024,12:40:46 PM
Jessica#1,860,860,3/26/2024,12:44:09 PM
JIC #1,1017,1017,10/11/2023,1:23:06 PM
JIC #1,1005,1005,10/12/2023,9:31:46 AM
JIC #1,,,1/2/2024,11:16:23 AM
JIC #1,1546,1546,1/2/2024,11:58:53 AM
JIC #1,,,1/29/2024,11:09:42 AM
JIC #1,1127,256,1/29/2024,11:13:01 AM
JIC BUDA#1,1218,1218,10/11/2023,2:38:04 PM
JIC BUDA#1,,,10/12/2023,12:27:04 PM
JIC BUDA#1,3568,3471,10/17/2023,1:16:08 PM
JIC BUDA#1,,,10/19/2023,9:16:51 AM
JIC BUDA#1,3766,2427,10/19/2023,9:29:27 AM
JIC BUDA#1,,,10/23/2023,12:51:35 PM
JIC BUDA#1,,,10/23/2023,1:03:20 PM
JIC BUDA#1,,,11/2/2023,11:05:08 AM
JIC BUDA#1,3325,812,11/2/2023,11:20:51 AM
JIC BUDA#1,,,1/29/2024,11:31:45 AM
JIC BUDA#1,203,43,1/29/2024,11:39:52 AM
JJ #1,,,7/25/2022,10:48:42 AM
JJ #1,3906,1078,7/25/2022,10:59:26 AM
JJ #1,,,1/17/2023,2:38:51 PM
JJ #1,6249,1456,1/17/2023,2:50:32 PM
JJ #1,,,7/12/2023,11:16:56 AM
JJ #1,5628,4127,7/12/2023,11:29:19 AM
,,,9/27/2023,2:22:34 PM
JJ #1,,,9/27/2023,2:22:34 PM
JJ #1,3934,3247,9/27/2023,2:37:50 PM
JJ #1,,,12/7/2023,11:16:59 AM
,,,12/7/2023,11:16:59 AM
JJ #1,5751,1249,12/7/2023,11:22:36 AM
JJ #1,,,1/7/2024,11:06:36 AM
JJ #1,4622,1540,1/7/2024,11:11:32 AM
JJ #1,,,1/28/2024,11:44:38 AM
JJ #1,3275,3275,1/28/2024,11:47:26 AM
JJ #1,,,3/26/2024,1:19:24 PM
JJ #1,4801,2758,3/26/2024,1:21:26 PM
JJ #1,,,3/27/2024,5:13:37 PM
JJ #1,4471,1347,3/27/2024,5:15:21 PM
JJ #1,,,4/1/2024,3:28:34 PM
JJ #1,5186,1628,4/1/2024,3:30:51 PM
JJ #1,,,4/1/2024,3:31:57 PM
JJ #1,,,4/1/2024,3:34:07 PM
JJ #1,,,4/1/2024,3:35:14 PM
JJ #1,,,4/24/2024,12:53:20 PM
JJ #1,4572,1639,4/24/2024,12:55:07 PM
Joe#1,,,6/28/2022,10:56:24 AM
Joe#1,406,406,6/28/2022,11:08:05 AM
Joe#1,,,8/15/2023,2:48:45 PM
Joseph#1,,,6/3/2022,2:45:49 PM
Joseph#1,18,18,6/3/2022,3:02:29 PM
Joseph#1,,,7/18/2022,12:15:18 PM
Joseph#1,77,77,7/18/2022,12:29:15 PM
Joseph#1,,,7/28/2022,9:57:25 AM
Joseph#1,,,7/28/2022,10:11:02 AM
Joseph#1,,,4/4/2023,3:15:14 PM
Joseph#1,,,4/4/2023,3:34:45 PM
JRed#1,,,10/4/2023,1:48:05 PM
JRed#1,2044,2044,10/24/2023,11:20:30 AM
JRed#1,,,10/25/2023,10:36:35 AM
JRed#1,,,11/7/2023,11:05:18 AM
JRed#1,20,9,11/7/2023,11:21:50 AM
Kay#1,805,516,6/15/2022,3:03:01 PM
Kay#1,,,6/23/2022,1:01:58 PM
Kay#1,1716,439,6/23/2022,1:12:00 PM
Kay#1,,,7/12/2022,3:12:10 PM
Kay#1,2834,627,7/12/2022,3:23:18 PM
Kay#1,,,7/27/2022,12:35:18 PM
Kay#1,1817,402,7/27/2022,12:49:40 PM
Kay#1,,,4/11/2023,2:37:45 PM
Kay#1,108,90,4/11/2023,2:53:03 PM
Kay#1,,,4/26/2023,12:16:31 PM
Kay#1,,,7/27/2023,11:27:28 AM
Kay#1,,,7/27/2023,11:45:27 AM
Kay#1,,,2/2/2024,1:55:38 PM
Kay#1,,,2/2/2024,1:58:36 PM
Kay#1,,,3/5/2024,11:19:15 AM
Kay#1,,,3/5/2024,11:22:00 AM
Kay#1,,,3/28/2024,1:37:40 PM
Kay#1,1449,331,3/28/2024,1:39:56 PM
,,,3/28/2024,2:21:26 PM
Kay#1,1419,326,3/28/2024,2:21:26 PM
Kay#1,,,3/28/2024,2:26:13 PM
Kay#1,257,203,4/23/2024,9:06:41 AM
Kiley #1,,,6/22/2022,12:23:39 PM
Kiley #1,1497,508,6/22/2022,12:37:01 PM
Kiley #1,,,7/15/2022,2:38:06 PM
Kiley #1,1405,843,7/15/2022,2:50:43 PM
Kiley #1,,,1/30/2023,12:36:56 PM
Kiley #1,1031,720,1/30/2023,12:54:43 PM
Kiley #1,,,7/12/2023,2:22:14 PM
Kiley #1,1492,497,7/12/2023,2:34:34 PM
Kiley #1,,,4/26/2024,2:17:39 PM
Kiley #1,1249,339,4/26/2024,2:19:59 PM
Kleimann#1,,,6/7/2022,8:18:42 AM
Kleimann#1,948,201,6/7/2022,8:36:50 AM
Kleimann#1,,,6/15/2022,12:16:38 PM
Kleimann#1,1034,214,6/15/2022,12:28:52 PM
Kleimann#1,,,6/23/2022,2:56:20 PM
Kleimann#1,1041,216,6/23/2022,3:08:11 PM
Kleimann#1,,,7/12/2022,1:29:24 PM
Kleimann#1,694,144,7/12/2022,1:42:32 PM
Kleimann#1,,,7/27/2022,2:58:09 PM
Kleimann#1,995,552,7/27/2022,3:10:58 PM
Kleimann#1,,,9/22/2022,3:03:40 PM
Kleimann#1,996,699,9/22/2022,3:17:34 PM
Kleimann#1,,,7/27/2023,1:02:38 PM
Kleimann#1,104,24,7/27/2023,1:16:20 PM
Kleimann#1,,,1/30/2024,10:47:38 AM
Kleimann#1,,,1/30/2024,10:50:54 AM
Kleimann#1,18,5,1/30/2024,10:55:54 AM
Kleimann#1,,,3/28/2024,1:50:40 PM
Kleimann#1,23,23,3/28/2024,1:53:21 PM
Kleimann#3,,,6/15/2022,1:34:43 PM
Kleimann#3,167,167,6/15/2022,1:46:45 PM
Kleimann#3,,,6/23/2022,2:08:39 PM
Kleimann#3,184,184,6/23/2022,2:20:52 PM
Kleimann#3,,,7/12/2022,2:27:01 PM
Kleimann#3,214,214,7/12/2022,2:41:06 PM
Kleimann#3,,,7/27/2022,1:54:48 PM
Kleimann#3,210,210,7/27/2022,2:07:41 PM
La Rosita #1 RE,,,12/12/2023,12:28:49 PM
La Rosita #1 RE,4200,2760,12/12/2023,12:48:30 PM
La Rosita #1 RE,,,12/20/2023,11:03:19 AM
La Rosita #1 RE,4256,2715,12/20/2023,11:17:07 AM
La Rosita #1 RE,,,1/2/2024,2:23:44 PM
La Rosita #1 RE,4453,995,1/2/2024,2:39:24 PM
La Rosita #1 RE,,,1/6/2024,1:32:44 PM
La Rosita #1 RE,3788,794,1/6/2024,1:35:51 PM
La Rosita #1 RE,,,1/8/2024,11:33:38 AM
La Rosita #1 RE,4052,2842,1/8/2024,11:40:29 AM
La Rosita #1 RE,,,1/8/2024,11:55:53 AM
La Rosita #1 RE,,,1/8/2024,12:43:05 PM
La Rosita #1 RE,,,1/9/2024,9:52:55 AM
La Rosita #1 RE,3745,1414,1/9/2024,9:56:27 AM
La Rosita #1 RE,,,1/10/2024,11:37:29 AM
La Rosita #1 RE,4028,891,1/10/2024,11:40:33 AM
La Rosita #1 RE,,,1/25/2024,1:48:55 PM
La Rosita #1 RE,4925,991,1/25/2024,1:52:33 PM
La Rosita #1 RE,,,1/26/2024,2:00:15 PM
La Rosita #1 RE,,,1/26/2024,2:08:04 PM
La Rosita #1 RE,3179,2593,1/26/2024,2:09:49 PM
La Rosita #1 RE,,,1/30/2024,2:28:35 PM
La Rosita #1 RE,5391,5391,1/30/2024,2:35:16 PM
La Rosita #1 RE,,,1/31/2024,11:31:58 AM
La Rosita #1 RE,4357,3430,1/31/2024,11:34:49 AM
La Rosita #1 RE,3286,784,3/5/2024,9:34:56 AM
,,,3/5/2024,9:34:56 AM
La Rosita #1 RE,,,3/5/2024,9:40:24 AM
La Rosita #1 RE,,,3/27/2024,12:12:29 PM
La Rosita #1 RE,3285,721,3/27/2024,12:16:03 PM
La Rosita #1 RE,4328,856,3/27/2024,1:08:05 PM
La Rosita #1 RE,4165,825,3/27/2024,1:28:12 PM
La Rosita #1 RE,,,3/27/2024,1:31:43 PM
La Rosita #1 RE,,,4/1/2024,12:11:20 PM
La Rosita #1 RE,2396,1810,4/1/2024,12:16:30 PM
La Rosita #1 RE,2523,1610,4/1/2024,12:58:30 PM
La Rosita #1 RE,,,4/16/2024,3:33:49 PM
La Rosita #1 RE,1657,1199,4/16/2024,3:49:01 PM
La Rosita #1 RE,,,4/25/2024,1:39:34 PM
La Rosita #1 RE,1687,1173,4/25/2024,1:42:13 PM
Lackey Five #1,,,6/14/2022,11:55:24 AM
Lackey Five #1,56,17,6/14/2022,12:07:27 PM
Lackey Five #1,,,7/27/2022,11:03:23 AM
Lackey Five #1,525,119,7/27/2022,11:21:05 AM
Lackey Five #1,,,6/7/2023,4:18:21 PM
Lackey Five #1,,,6/7/2023,4:30:17 PM
Lackey Five #1,,,1/30/2024,11:31:51 AM
Lackey Five #1,,,1/30/2024,11:35:13 AM
Lander#1,,,7/11/2023,2:38:30 PM
Lander#1,2665,625,7/11/2023,2:54:33 PM
Lander#1,2121,558,12/1/2023,12:26:57 PM
Lander#1,,,1/7/2024,12:36:44 PM
Lander#1,2025,633,1/7/2024,12:42:17 PM
Lander#1,,,4/26/2024,1:32:35 PM
Lander#1,1418,398,4/26/2024,1:34:34 PM
LearyTrust#1,,,6/29/2022,1:11:49 PM
LearyTrust#1,819,819,6/29/2022,1:21:56 PM
LearyTrust#1,,,10/9/2023,2:20:02 PM
LearyTrust#1,12,12,10/9/2023,2:33:49 PM
Little #179,,,6/7/2022,3:46:30 PM
Little #179,2179,1438,6/7/2022,4:02:48 PM
Little #179,,,6/9/2022,10:53:24 AM
Little #179,2173,2122,6/9/2022,11:05:10 AM
Little #179,,,6/13/2022,9:30:49 AM
Little #179,4058,1068,6/13/2022,9:42:44 AM
Little #179,,,6/20/2022,11:16:59 AM
Little #179,2773,2341,6/20/2022,11:28:24 AM
Little #179,,,6/27/2022,2:56:37 PM
Little #179,2239,767,6/27/2022,3:07:56 PM
Little #179,,,7/13/2022,11:00:15 AM
Little #179,2216,1956,7/13/2022,11:11:09 AM
Little #179,,,4/11/2023,11:14:56 AM
Little #179,3986,995,4/11/2023,11:29:21 AM
Little #179,3930,3356,12/7/2023,2:35:31 PM
Little #179,,,12/7/2023,2:38:04 PM
Little #179,3423,773,1/5/2024,1:22:31 PM
Little #179,,,1/5/2024,1:25:27 PM
Little #179,,,1/27/2024,12:29:50 PM
Little #179,2093,2053,1/27/2024,12:32:48 PM
Little #179,,,2/2/2024,3:30:10 PM
Little #179,1367,460,2/2/2024,3:32:42 PM
Little #179,,,3/5/2024,12:01:42 PM
Little #179,846,225,3/5/2024,12:04:17 PM
Little #179,,,3/28/2024,3:23:53 PM
Little #179,223,199,3/28/2024,3:26:07 PM
Little #179,206,178,3/28/2024,3:35:18 PM
Little #179,327,250,3/29/2024,1:31:08 PM
Little #179,,,3/29/2024,1:34:35 PM
Little #179,,,4/22/2024,9:54:59 AM
Little #179,197,97,4/22/2024,10:12:23 AM
Little #179,398,398,4/29/2024,1:23:31 PM
Little #179,,,4/29/2024,1:27:31 PM
Little #179,,,4/29/2024,1:30:11 PM
Little #179,,,4/29/2024,1:44:16 PM
Lochte#1,,,6/9/2022,2:32:44 PM
Lochte#1,2021,506,6/9/2022,2:44:28 PM
Lochte#1,,,6/24/2022,2:50:55 PM
Lochte#1,1607,1316,6/24/2022,3:05:23 PM
Lochte#1,,,7/15/2022,9:34:23 AM
Lochte#1,2638,703,7/15/2022,9:51:12 AM
Lochte#1,,,7/26/2022,3:36:44 PM
Lochte#1,1843,1626,7/26/2022,3:48:38 PM
Lochte#1,,,3/2/2023,12:35:34 PM
Lochte#1,3041,728,3/2/2023,12:51:43 PM
Lochte#1,,,5/3/2023,3:42:28 PM
Lochte#1,179,51,5/3/2023,3:57:05 PM
Lochte#1,,,2/2/2024,9:33:32 AM
Lochte#1,101,32,2/2/2024,9:36:14 AM
Lochte#1,102,45,2/2/2024,9:39:20 AM
Lochte#1,,,3/5/2024,2:08:52 PM
LT#1,4319,4319,6/16/2022,9:40:08 AM
LT#1,,,6/29/2022,2:04:36 PM
LT#1,86,86,6/29/2022,2:16:41 PM
Magurite#1,,,6/22/2022,8:39:51 AM
Magurite#1,186,186,6/22/2022,8:54:19 AM
Marpick#1,,,6/22/2022,11:29:18 AM
Marpick#1,62,62,6/22/2022,11:43:00 AM
Marpick#1,,,4/14/2023,12:39:02 PM
Marpick#1,82,82,4/14/2023,12:52:46 PM
Marrs #1,,,2/23/2023,10:30:39 AM
Marrs #1,1104,267,2/23/2023,10:58:12 AM
Marrs #1,,,3/13/2023,3:03:57 PM
Marrs #1,4239,799,3/13/2023,3:31:01 PM
Marrs #1,,,4/11/2023,12:13:59 PM
Marrs #1,5083,995,4/11/2023,12:39:51 PM
Marrs #1,,,7/25/2023,12:05:48 PM
Marrs #1,3409,2294,7/25/2023,12:25:17 PM
Marrs #1,,,8/3/2023,10:53:20 AM
Marrs #1,4386,1116,8/3/2023,11:12:09 AM
Marrs #1,,,8/7/2023,11:04:28 AM
Marrs #1,4975,1302,8/7/2023,11:23:40 AM
Marrs #1,,,8/24/2023,9:14:29 AM
Marrs #1,2041,461,8/24/2023,9:27:01 AM
Marrs #1,,,9/21/2023,2:52:12 PM
Marrs #1,3090,757,9/21/2023,3:17:53 PM
Marrs #1,4516,909,12/5/2023,1:38:11 PM
Marrs #1,3101,1969,1/5/2024,1:57:11 PM
Marrs #1,,,1/5/2024,1:59:57 PM
Marrs #1,,,1/27/2024,1:24:19 PM
Marrs #1,4071,926,1/27/2024,1:27:58 PM
Marrs #1,,,2/2/2024,3:19:15 PM
Marrs #1,4198,912,2/2/2024,3:20:18 PM
Marrs #1,,,3/5/2024,12:36:41 PM
Marrs #1,4147,887,3/5/2024,12:37:26 PM
,,,3/5/2024,12:37:26 PM
Marrs #1,,,3/28/2024,3:08:00 PM
Marrs #1,3939,852,3/28/2024,3:09:10 PM
Marrs #1,,,4/1/2024,2:14:22 PM
Marrs #1,3816,853,4/1/2024,2:14:46 PM
Marrs #1,,,4/1/2024,2:16:57 PM
,,,4/1/2024,2:16:57 PM
Marrs #1,,,4/27/2024,1:34:17 PM
Marrs #1,3755,800,4/27/2024,1:35:03 PM
Marrs #1,,,4/27/2024,1:38:04 PM
MDB #1,,,6/1/2022,9:57:31 AM
MDB #1,952,952,6/1/2022,10:13:05 AM
MDB #1,832,832,6/2/2022,3:44:04 PM
MDB #1,,,6/6/2022,8:33:13 AM
MDB #1,767,767,6/6/2022,8:46:57 AM
MDB #1,,,6/7/2022,11:30:20 AM
MDB #1,740,604,6/7/2022,11:44:37 AM
MDB #1,786,786,6/13/2022,8:26:24 AM
MDB #1,,,6/15/2022,9:34:23 AM
MDB #1,709,709,6/15/2022,9:58:06 AM
MDB #1,667,667,6/21/2022,2:32:17 PM
MDB #1,,,6/24/2022,9:41:37 AM
MDB #1,693,693,6/24/2022,9:55:59 AM
MDB #1,,,7/29/2022,12:03:41 PM
MDB #1,682,630,7/29/2022,12:19:36 PM
MDB #1,,,4/6/2023,11:17:31 AM
MDB #1,,,4/6/2023,11:37:37 AM
MDB #1,,,1/31/2024,1:26:01 PM
MDB #1,1338,1338,1/31/2024,1:38:47 PM
Molak#1,,,6/8/2022,11:53:22 AM
Molak#1,,,6/8/2022,12:04:50 PM
Molak#1,,,8/9/2023,9:35:41 AM
Molak#1,212,168,8/9/2023,9:51:32 AM
Montemayor#1,,,6/27/2022,10:57:09 AM
Montemayor#1,,,6/27/2022,11:10:19 AM
Montemayor#1,143,143,10/26/2022,4:00:06 PM
Moreland#1,,,6/29/2022,9:36:57 AM
Moreland#1,9,9,6/29/2022,9:46:30 AM
Moreland#1,,,1/10/2024,2:16:37 PM
Moreland#1,,,1/10/2024,2:19:56 PM
Moreland#1,69,69,1/10/2024,2:30:41 PM
Moreland#1,0,0,2/2/2024,10:24:35 AM
Moreland#1,,,2/2/2024,10:27:26 AM
,,,4/1/2024,10:12:56 AM
Moreland#1,0,0,4/1/2024,10:12:56 AM
Palm #1,155,36,6/14/2022,8:29:03 AM
Palm #1,,,6/14/2022,8:48:52 AM
Palm #1,,,6/23/2022,10:32:42 AM
Palm #1,252,57,6/23/2022,10:45:22 AM
Palm #1,,,6/29/2022,3:13:48 PM
Palm #1,,,6/29/2022,3:26:16 PM
Palm #1,,,7/29/2022,2:53:20 PM
Palm #1,37,8,7/29/2022,3:05:49 PM
Palm #1,,,4/18/2023,2:10:30 PM
Palm #1,,,4/18/2023,2:31:30 PM
ParkWay #1 reentry,,,6/2/2022,2:39:20 PM
ParkWay #1 reentry,2992,799,6/2/2022,2:51:57 PM
ParkWay #1 reentry,,,6/14/2022,1:52:02 PM
ParkWay #1 reentry,3220,689,6/14/2022,2:06:52 PM
ParkWay #1 reentry,,,6/24/2022,10:39:38 AM
ParkWay #1 reentry,3333,824,6/24/2022,10:53:58 AM
ParkWay #1 reentry,,,7/15/2022,11:52:20 AM
ParkWay #1 reentry,3062,679,7/15/2022,12:05:14 PM
ParkWay #1 reentry,,,9/19/2022,2:36:54 PM
ParkWay #1 reentry,3159,826,9/19/2022,2:58:58 PM
ParkWay #1,1289,1289,7/17/2023,9:16:54 AM
ParkWay #1,,,7/17/2023,9:21:23 AM
ParkWay #1,4051,4051,4/4/2024,12:09:24 PM
ParkWay #1,,,4/4/2024,12:11:55 PM
ParkWay #1,,,4/4/2024,12:14:15 PM
ParkWay #1,,,4/4/2024,12:30:21 PM
ParkWay #1,5342,1147,4/4/2024,12:37:08 PM
ParkWay #1,,,4/26/2024,3:47:02 PM
ParkWay #1,3424,956,4/26/2024,3:49:54 PM
ParkWay #1,,,4/26/2024,3:55:05 PM
PC#1,17,5,6/28/2022,12:38:27 PM
PC#1,,,4/17/2023,3:39:27 PM
PC#1,23,5,4/17/2023,4:02:16 PM
PC#1,0,0,2/2/2024,11:22:44 AM
PC#1,,,2/2/2024,11:24:06 AM
PC#1,,,2/2/2024,11:24:15 AM
PC#1,,,2/2/2024,11:27:28 AM
PecanGrove#1,,,6/14/2022,2:56:34 PM
PecanGrove#1,1874,1749,6/14/2022,3:09:25 PM
PecanGrove#1,3827,968,6/23/2022,9:40:59 AM
PecanGrove#1,,,6/28/2022,9:48:02 AM
PecanGrove#1,1420,1420,6/28/2022,10:00:24 AM
PecanGrove#1,,,7/15/2022,10:47:18 AM
PecanGrove#1,2968,781,7/15/2022,11:01:46 AM
Pfeiffer #2,,,6/10/2022,1:24:07 PM
Pfeiffer #2,,,7/7/2022,11:14:15 AM
Pfeiffer #2,,,7/21/2022,11:04:50 AM
Pfeiffer Byrd #1,4765,4765,1/9/2024,1:32:48 PM
Pfeiffer Byrd #1,,,1/18/2024,11:09:53 AM
Pfeiffer Byrd #1,3260,1024,1/18/2024,11:25:45 AM
,,,1/18/2024,11:25:45 AM
Pfeiffer Byrd #1,,,1/27/2024,11:00:22 AM
Pfeiffer Byrd #1,3081,1065,1/27/2024,11:03:01 AM
Pfeiffer Byrd #1,,,3/4/2024,2:32:03 PM
Pfeiffer Byrd #1,2310,696,3/4/2024,2:33:32 PM
Pfeiffer Byrd #1,,,3/7/2024,1:44:44 PM
,,,3/7/2024,1:44:44 PM
Pfeiffer Byrd #1,2281,666,3/7/2024,1:47:10 PM
Pfeiffer Byrd #1,,,3/27/2024,2:53:53 PM
Pfeiffer Byrd #1,1894,544,3/27/2024,2:57:00 PM
Pfeiffer Byrd #1,,,4/2/2024,1:34:35 PM
Pfeiffer Byrd #1,1813,546,4/2/2024,1:46:40 PM
Pfeiffer Byrd #1,,,4/2/2024,1:51:04 PM
Pfeiffer Byrd #1,,,4/18/2024,3:45:15 PM
Pfeiffer Byrd #1,1557,469,4/18/2024,3:55:20 PM
Pfeiffer Byrd #1,,,4/26/2024,11:06:37 AM
Pfeiffer Byrd #1,1536,492,4/26/2024,11:08:19 AM
Pfeiffer#1,803,803,6/1/2022,8:41:11 AM
Pfeiffer#1,,,6/2/2022,4:28:34 PM
Pfeiffer#1,,,6/10/2022,2:11:58 PM
Pfeiffer#1,880,880,6/10/2022,2:27:36 PM
Pfeiffer#1,,,6/16/2022,11:04:32 AM
Pfeiffer#1,1154,1081,6/16/2022,11:06:44 AM
Pfeiffer#1,,,6/20/2022,8:32:55 AM
Pfeiffer#1,926,782,6/20/2022,8:44:07 AM
Pfeiffer#1,,,7/7/2022,12:20:32 PM
Pfeiffer#1,142,92,7/7/2022,12:38:33 PM
Pfeiffer#1,,,7/21/2022,12:16:35 PM
Pfeiffer#1,75,75,7/21/2022,12:32:35 PM
Pfeiffer#1,,,8/15/2023,12:03:54 PM
Pfeiffer#1,96,83,8/15/2023,12:18:09 PM
Pickens#1,,,4/13/2023,1:19:20 PM
Pickens#1,214,214,2/2/2024,12:27:24 PM
Pickens#1,27,27,2/2/2024,12:31:21 PM
Pickens#1,,,2/2/2024,12:34:57 PM
Pickens#1,,,4/4/2024,3:08:14 PM
Pickens#1,45,45,4/4/2024,3:15:01 PM
Pickens-Weaver#1,,,6/22/2022,2:41:20 PM
Pickens-Weaver#1,64,64,6/22/2022,2:55:40 PM
Pickens-Weaver#1,,,7/15/2022,1:29:46 PM
Pickens-Weaver#1,,,7/15/2022,1:43:47 PM
Pickens-Weaver#1,,,4/13/2023,11:17:46 AM
Pickens-Weaver#1,575,523,4/13/2023,11:33:46 AM
Pickens-Weaver#1,195,195,2/2/2024,11:54:15 AM
Pickens-Weaver#1,,,4/4/2024,2:48:36 PM
Pickens-Weaver#1,241,241,4/4/2024,2:52:03 PM
Pickwill#1,121,121,7/28/2022,2:48:41 PM
Pickwill#1,320,320,7/11/2023,1:45:50 PM
Preston#1,,,7/17/2023,10:44:26 AM
Preston#1,278,206,7/17/2023,11:11:37 AM
RAB #1 new,,,4/22/2024,4:18:37 PM
,,,4/22/2024,4:20:36 PM
RAB #1 new,5985,1243,4/22/2024,4:20:36 PM
,,,4/22/2024,4:20:36 PM
RAB #1 new,,,4/26/2024,2:34:26 PM
RAB #1 new,5338,1130,4/26/2024,2:36:00 PM
RAB #1 new,,,4/26/2024,2:36:42 PM
RAB #1 new,,,4/29/2024,4:28:10 PM
RAB #1 new,6402,1487,4/29/2024,4:29:36 PM
RAB #1 new,,,4/29/2024,4:31:49 PM
RAB #1 new,,,4/29/2024,4:35:46 PM
RAB #1 new,,,4/29/2024,4:40:47 PM
RAB #1 new,,,4/29/2024,4:43:07 PM
RAB #1 new,,,4/29/2024,4:44:16 PM
RAB #1,5693,5693,10/10/2023,10:13:43 AM
RAB #1,150,150,10/10/2023,10:14:32 AM
RAB #1,78,78,10/10/2023,10:15:48 AM
RAB #1,901,901,10/12/2023,11:25:32 AM
RAB #1,1507,1507,4/2/2024,9:46:03 AM
RAB #1,,,4/5/2024,6:54:54 AM
RAB #1,1509,1509,4/5/2024,6:58:06 AM
RAB #1,6544,6544,4/11/2024,10:46:03 AM
RAB #1,,,4/11/2024,10:51:44 AM
RAB #1,,,4/15/2024,10:00:48 AM
RAB #1,4007,4007,4/15/2024,10:15:24 AM
RAB #1,5613,1330,4/18/2024,10:25:29 AM
RAB #1,,,4/18/2024,10:42:29 AM
RAB #1,,,4/22/2024,11:02:02 AM
RAB #1,6906,1500,4/22/2024,11:16:28 AM
RAB #2,149,149,10/10/2023,10:43:12 AM
RAB #2,137,137,10/10/2023,10:44:01 AM
RAB #3,4682,935,4/6/2023,12:28:33 PM
RAB #3,0,0,10/12/2023,10:43:43 AM
RAB #3,2568,2568,1/22/2024,2:04:41 PM
RAB #3,,,1/22/2024,2:29:54 PM
RAB #3,,,1/25/2024,11:47:39 AM
RAB #3,3021,3021,1/25/2024,11:51:31 AM
RAB #3,,,3/5/2024,4:00:23 PM
RAB #3,1668,1668,3/5/2024,4:03:31 PM
RAB #3,,,3/26/2024,11:22:09 AM
RAB #3,1847,507,3/26/2024,11:26:01 AM
RAB #3,1837,515,3/26/2024,11:29:05 AM
RAB #3,,,3/28/2024,12:59:43 PM
RAB #3,2401,577,3/28/2024,1:01:25 PM
Rhodes #1,,,6/9/2022,8:33:44 AM
Rhodes #1,55,55,6/9/2022,8:49:41 AM
Rhodes #1,,,6/14/2022,9:43:20 AM
Rhodes #1,,,6/14/2022,10:01:47 AM
Rhodes #1,,,7/27/2022,8:54:28 AM
Rhodes #1,18,18,7/27/2022,9:09:23 AM
Richard#1,,,7/13/2022,3:00:59 PM
Richard#1,52,49,7/13/2022,3:14:10 PM
Richard#1,,,7/25/2022,1:39:09 PM
Richard#1,172,34,7/25/2022,1:56:57 PM
Richard#1,,,9/20/2022,3:14:01 PM
Richard#1,640,161,9/20/2022,3:21:30 PM
Richard#1,109,69,10/31/2022,1:18:34 PM
Richard#1,,,10/31/2022,1:24:06 PM
Richard#1,48,48,1/5/2023,2:12:45 PM
Richard#1,341,341,1/30/2023,10:17:22 AM
Richard#1,,,3/1/2023,2:57:45 PM
Richard#1,2170,421,3/1/2023,3:18:27 PM
,,,3/1/2023,3:18:27 PM
Richard#1,,,8/3/2023,12:09:36 PM
Richard#1,814,203,8/3/2023,12:20:49 PM
Richard#1,,,1/26/2024,12:25:08 PM
Richard#1,45,28,1/26/2024,12:30:16 PM
Richardson#1,838,838,7/8/2022,8:54:39 AM
Richardson#1,,,4/21/2023,12:33:22 PM
Richardson#1,675,675,4/21/2023,12:41:10 PM
Richardson#1,,,12/5/2023,12:40:16 PM
Richardson#1,520,520,1/6/2024,2:23:06 PM
Richardson#1,,,1/6/2024,2:26:04 PM
Ronald#1,,,7/18/2022,1:53:25 PM
Ronald#1,25,25,7/18/2022,2:02:27 PM
Ruth #1,,,7/14/2023,10:56:17 AM
Ruth #1,4,4,7/14/2023,11:10:37 AM
Ruth #1,,,11/14/2023,3:20:48 PM
Ruth #1,915,915,11/14/2023,3:42:53 PM
Ruth #1,,,11/16/2023,2:34:12 PM
Ruth #1,,,11/20/2023,3:08:03 PM
Ruth #1,694,694,11/20/2023,3:13:18 PM
Ruth #1,,,11/27/2023,10:41:50 AM
Ruth #1,431,431,11/27/2023,11:05:10 AM
Ruth #1,,,11/29/2023,1:01:28 PM
Ruth #1,624,624,11/29/2023,1:25:41 PM
Ruth #1,,,11/29/2023,1:33:58 PM
Ruth #1,,,12/4/2023,2:52:39 PM
Ruth #1,,,12/4/2023,3:03:15 PM
Ruth #1,,,12/4/2023,3:11:56 PM
Ruth #1,962,939,12/5/2023,11:14:17 AM
Ruth #1,,,12/5/2023,11:17:36 AM
Ruth #1,797,653,12/8/2023,8:52:52 AM
Ruth #1,,,12/8/2023,9:00:35 AM
Ruth #1,,,12/11/2023,3:02:31 PM
Ruth #1,871,871,12/11/2023,3:16:01 PM
Ruth #1,,,1/6/2024,3:22:12 PM
Ruth #1,775,707,1/6/2024,3:26:43 PM
Ruth #1,,,1/26/2024,3:30:07 PM
Ruth #1,628,628,1/26/2024,3:33:33 PM
Ruth #1,,,1/26/2024,3:40:27 PM
Ruth #1,,,1/31/2024,10:18:41 AM
Ruth #1,614,614,1/31/2024,10:21:51 AM
Ruth #1,,,3/5/2024,10:26:19 AM
Ruth #1,,,3/5/2024,10:29:18 AM
Ruth #1,405,118,3/5/2024,10:32:54 AM
Ruth #1,481,130,3/5/2024,10:47:39 AM
Ruth #1,,,3/29/2024,2:03:36 PM
Ruth #1,387,118,3/29/2024,2:06:30 PM
Ruth #1,,,4/1/2024,11:40:10 AM
Ruth #1,377,304,4/1/2024,11:44:06 AM
Ruth #1,,,4/4/2024,2:01:03 PM
Ruth #1,408,262,4/4/2024,2:05:27 PM
Ruth #1,,,4/25/2024,2:22:03 PM
Ruth #1,305,270,4/25/2024,2:24:45 PM
RuthPick#1,,,7/7/2022,8:33:04 AM
RuthPick#1,40,12,7/7/2022,8:45:04 AM
RuthPick#1,,,7/12/2022,9:41:43 AM
RuthPick#1,794,236,7/12/2022,9:52:39 AM
RuthPick#1,,,7/14/2022,11:57:13 AM
RuthPick#1,758,197,7/14/2022,12:09:51 PM
RuthPick#1,,,7/18/2022,8:51:38 AM
RuthPick#1,748,204,7/18/2022,9:08:59 AM
RuthPick#1,,,11/9/2022,9:59:57 AM
RuthPick#1,,,1/30/2023,11:31:14 AM
RuthPick#1,1082,223,1/30/2023,11:45:15 AM
RuthPick#1,848,204,7/13/2023,10:41:10 AM
RuthPick#1,81,81,7/27/2023,2:26:14 PM
RuthPick#1,66,16,7/31/2023,9:20:22 AM
RuthPick#1,118,36,8/2/2023,2:23:18 PM
RuthPick#1,118,30,8/7/2023,9:46:27 AM
RuthPick#1,35,9,8/14/2023,9:25:05 AM
RuthPick#1,,,8/21/2023,11:57:57 AM
RuthPick#1,200,200,8/21/2023,12:20:47 PM
RuthPick#1,,,11/2/2023,12:43:18 PM
RuthPick#1,112,28,11/2/2023,1:00:17 PM
RuthPick#1,,,12/22/2023,10:27:33 AM
SagoBowers,5179,5179,11/28/2023,3:25:40 PM
Solansky#1,,,4/18/2023,10:25:19 AM
Solansky#1,49,49,4/18/2023,10:39:47 AM
Thalman#1,,,8/9/2023,8:08:49 AM
Thompson#2,,,6/16/2022,8:40:02 AM
Thompson#2,604,137,6/16/2022,8:54:28 AM
Thompson#2,,,8/17/2023,1:56:39 PM
Thompson#2,360,107,8/17/2023,2:10:47 PM
Thompson#2,,,3/6/2024,12:00:09 PM
Thompson#2,822,694,3/6/2024,12:03:35 PM
Thompson#2,,,3/29/2024,12:31:33 PM
Thompson#2,435,435,3/29/2024,12:34:21 PM
Thuss #1,,,6/7/2022,9:36:04 AM
Thuss #1,285,71,6/7/2022,9:52:49 AM
Thuss #1,,,6/15/2022,10:54:48 AM
Thuss #1,16,4,6/15/2022,11:06:36 AM
Thuss #1,,,6/21/2022,3:05:48 PM
Thuss #1,4,1,6/21/2022,3:17:38 PM
Thuss #1,,,7/29/2022,12:57:37 PM
Thuss #1,31,7,7/29/2022,1:15:06 PM
Thuss #1,,,8/17/2023,10:46:09 AM
Thuss #1,21,6,8/17/2023,11:01:57 AM
TLAPEK,,,6/7/2023,12:52:10 PM
TLAPEK,63,63,6/7/2023,1:04:06 PM
TLAPEK,,,7/6/2023,10:51:58 AM
TLAPEK,63,63,7/6/2023,11:08:32 AM
Tortuga B #2 RE,694,694,3/28/2024,4:31:02 PM
TrippleJ#2,169,169,1/7/2024,2:15:38 PM
Trotter #1,,,7/14/2023,9:41:45 AM
Trotter #1,73,59,7/14/2023,10:02:18 AM
Vermillion#1,,,6/28/2022,2:55:42 PM
Vermillion#1,49,37,6/28/2022,3:07:11 PM
Vermillion#1,1431,1431,4/20/2023,12:26:08 PM
Verna#1,115,115,7/11/2022,10:05:48 AM
Verna#1,32,32,8/7/2023,1:10:07 PM
Verna#1,,,9/19/2023,2:39:06 PM
Verna#1,845,528,9/19/2023,2:59:16 PM
Verna#1,,,9/19/2023,3:16:56 PM
Verna#1,235,218,12/5/2023,12:20:44 PM
Verna#1,319,319,1/6/2024,1:10:09 PM
Verna#1,,,1/8/2024,10:50:32 AM
Verna#1,1055,797,1/8/2024,10:55:43 AM
Verna#1,843,639,1/8/2024,11:04:48 AM
Verna#1,,,1/10/2024,11:14:58 AM
Verna#1,369,369,1/10/2024,11:18:30 AM
Verna#1,,,1/26/2024,2:43:21 PM
Verna#1,14,14,1/26/2024,2:47:32 PM
,,,1/26/2024,2:47:32 PM
Verna#1,1,1,3/5/2024,9:01:54 AM
VRE Minerals #1,,,6/6/2022,11:07:16 AM
VRE Minerals #1,7,2,6/6/2022,11:20:41 AM
VRE Minerals #1,,,6/9/2022,1:48:06 PM
VRE Minerals #1,177,98,6/9/2022,2:00:48 PM
VRE Minerals #1,,,6/24/2022,2:12:23 PM
VRE Minerals #1,,,6/24/2022,2:25:04 PM
VRE Minerals #1,,,7/15/2022,8:39:27 AM
VRE Minerals #1,,,7/15/2022,8:53:23 AM
VRE Minerals #1,,,7/26/2022,2:48:35 PM
VRE Minerals #1,,,7/26/2022,3:00:45 PM
VRE Minerals #1,,,5/3/2023,2:15:34 PM
VRE Minerals #1,116,35,5/3/2023,2:32:59 PM
VRE Minerals #1,214,214,2/2/2024,9:49:36 AM
VRE Minerals #1,,,2/2/2024,9:54:14 AM
VRE Minerals #1,0,0,3/6/2024,11:21:22 AM
VRE Minerals #1,43,43,4/1/2024,9:44:46 AM
Whittington#1,82,64,6/9/2022,9:37:38 AM
Whittington#1,,,6/14/2022,10:51:52 AM
Whittington#1,,,6/14/2022,11:03:48 AM
Whittington#1,,,6/23/2022,11:34:11 AM
Whittington#1,89,66,6/23/2022,11:46:54 AM
Whittington#1,,,7/27/2022,10:01:26 AM
Whittington#1,,,7/27/2022,10:13:43 AM
Whittington#1,630,630,6/7/2023,2:07:16 PM
