Well Name,Date,Oil (BBLS),Gas (MCF),Water (BBLS),TP,CP,Comments
Blair TXL 7 #1,2020-01-31,41.25,91.0,194.0,0,0,
Blair TXL 7 #2,2020-01-31,13.95,16.0,0.0,0,0,
Blair TXL 7 #3,2020-01-31,0.0,0.0,0.0,0,0,
CL Moore 6,2020-01-31,2.32,313.0,1.67,0,0,
CL Moore 8,2020-01-31,0.0,0.0,20.04,0,0,
Davis Lease,2020-01-31,11.16,0.0,145.0,0,0,
Dyer Unit #10,2020-01-31,1.16,25.0,9.78,0,0,
Fridel #1,2020-01-31,0.0,0.0,0.0,0,0,OFF
Huber #1,2020-01-31,0.0,0.0,0.0,0,0,
JM Moore 178,2020-01-31,5.01,70.0,0.0,0,0,Comp. Down no speed signal mech on the way
JM Moore 192,2020-01-31,15.03,0.0,107.0,0,0,
Joe #1,2020-01-31,0.0,0.0,0.0,0,0,
Kincaid #1,2020-01-31,8.35,0.0,190.12,0,0,
Kirby #1,2020-01-31,0.0,206.9,5.01,0,0,
Kleimann #3,2020-01-31,20.04,0.0,281.77,0,0,
Lloyd #1,2020-01-31,0.0,0.0,0.0,0,0,OFF
McLean #1,2020-01-31,6.81,0.0,26.72,0,0,
Montemayor #1,2020-01-31,0.0,0.0,0.0,0,0,
Paddy 19 State #1 & #5,2020-01-31,5.52,0.0,19.25,0,0,
Palm #1,2020-01-31,4.64,909.3,189.9,0,0,
Pierce Ranch #4,2020-01-31,1.16,19.0,5.01,0,0,
Preston #1,2020-01-31,8.35,372.1,18.37,0,0,
Rhodes #1,2020-01-31,3.34,0.0,3.34,0,0,
Terrell #1,2020-01-31,0.0,49.0,1.67,0,0,Enterprise Sales- 49 MCF
Vermillion #1,2020-01-31,0.0,100.1,78.49,0,0,
Wayne #1,2020-01-31,0.0,231.0,0.0,0,0,
Wendel Unit #1,2020-01-31,0.0,0.0,0.0,0,0,
White Marlin #1,2020-01-31,0.0,0.0,0.0,0,0,
Wittig Sisters #1,2020-01-31,0.0,0.0,0.0,0,0,
Blair TXL 7 #1,2020-01-30,44.0,87.0,201.0,0,0,
Blair TXL 7 #2,2020-01-30,13.95,17.0,0.0,0,0,
Blair TXL 7 #3,2020-01-30,0.0,0.0,0.0,0,0,
CL Moore 6,2020-01-30,2.32,319.0,1.67,0,0,
CL Moore 8,2020-01-30,0.0,0.0,27.67,0,0,
Davis Lease,2020-01-30,8.37,0.0,129.25,0,0,
Dyer Unit #10,2020-01-30,1.16,25.0,16.7,0,0,
Fridel #1,2020-01-30,0.0,0.0,0.0,0,0,OFF
Huber #1,2020-01-30,0.0,0.0,0.0,0,0,
JM Moore 178,2020-01-30,6.68,140.0,1.67,0,0,
JM Moore 192,2020-01-30,13.36,0.0,110.0,0,0,
Joe #1,2020-01-30,0.0,0.0,0.0,0,0,
Kincaid #1,2020-01-30,23.38,0.0,48.23,0,0,
Kirby #1,2020-01-30,1.67,216.7,1.67,0,0,
Kleimann #3,2020-01-30,16.7,0.0,310.36,0,0,
Lloyd #1,2020-01-30,0.0,0.0,0.0,0,0,OFF
McLean #1,2020-01-30,0.0,0.0,0.0,0,0,unit dn bol
Montemayor #1,2020-01-30,0.0,0.0,0.0,0,0,
Paddy 19 State #1 & #5,2020-01-30,5.52,0.0,44.0,0,0,
Palm #1,2020-01-30,80.16,913.7,11.69,0,0,
Pierce Ranch #4,2020-01-30,1.16,20.0,5.01,0,0,
Preston #1,2020-01-30,15.03,321.2,5.01,0,0,
Rhodes #1,2020-01-30,5.01,0.0,1.53,0,0,
Terrell #1,2020-01-30,1.67,52.0,0.0,0,0,Enterprise Sales-51 MCF
Vermillion #1,2020-01-30,0.0,92.1,5.01,0,0,
Wayne #1,2020-01-30,0.0,200.0,0.0,0,0,
Wendel Unit #1,2020-01-30,0.0,0.0,0.0,0,0,
White Marlin #1,2020-01-30,1.67,0.0,0.0,0,0,
Wittig Sisters #1,2020-01-30,0.0,0.0,0.0,0,0,
Blair TXL 7 #1,2020-01-29,41.25,89.0,191.0,0,0,
Blair TXL 7 #2,2020-01-29,13.95,17.0,0.0,0,0,
Blair TXL 7 #3,2020-01-29,0.0,0.0,0.0,0,0,
CL Moore 6,2020-01-29,2.32,336.0,1.67,0,0,
CL Moore 8,2020-01-29,1.67,0.0,33.4,0,0,
Davis Lease,2020-01-29,13.95,0.0,137.25,0,0,
Dyer Unit #10,2020-01-29,1.16,30.0,20.04,0,0,
Fridel #1,2020-01-29,0.0,0.0,0.0,0,0,OFF
Huber #1,2020-01-29,0.0,0.0,0.0,0,0,
JM Moore 178,2020-01-29,5.01,100.0,0.0,0,0,Comp dn no speed signal
JM Moore 192,2020-01-29,15.03,0.0,122.0,0,0,Ct
Joe #1,2020-01-29,0.0,0.0,15.03,0,0,
Kincaid #1,2020-01-29,0.0,0.0,121.65,0,0,
Kirby #1,2020-01-29,1.67,170.6,0.0,0,0,
Kleimann #3,2020-01-29,10.02,0.0,211.57,0,0,
Lloyd #1,2020-01-29,0.0,0.0,0.0,0,0,OFF
McLean #1,2020-01-29,4.54,0.0,0.0,0,0,
Montemayor #1,2020-01-29,0.0,0.0,0.0,0,0,
Paddy 19 State #1 & #5,2020-01-29,8.28,0.0,51.0,0,0,
Palm #1,2020-01-29,328.16,922.0,163.4,0,0,
Pierce Ranch #4,2020-01-29,1.16,22.0,5.01,0,0,
Preston #1,2020-01-29,15.03,320.4,13.36,0,0,
Rhodes #1,2020-01-29,15.03,0.0,26.46,0,0,
Terrell #1,2020-01-29,1.67,54.0,0.0,0,0,Enterprise Sale- 54 MCF
Vermillion #1,2020-01-29,0.0,80.5,0.0,0,0,
Wayne #1,2020-01-29,0.0,249.0,0.0,0,0,
Wendel Unit #1,2020-01-29,0.0,0.0,0.0,0,0,
White Marlin #1,2020-01-29,1.67,0.0,0.0,0,0,
Wittig Sisters #1,2020-01-29,0.0,0.0,0.0,0,0,
Blair TXL 7 #1,2020-01-28,44.0,98.0,195.0,0,0,
Blair TXL 7 #2,2020-01-28,13.95,17.0,0.0,0,0,
Blair TXL 7 #3,2020-01-28,0.0,0.0,0.0,0,0,
CL Moore 6,2020-01-28,1.16,329.0,1.67,0,0,
CL Moore 8,2020-01-28,3.34,0.0,31.73,0,0,
Davis Lease,2020-01-28,8.37,0.0,131.0,0,0,
Dyer Unit #10,2020-01-28,0.0,20.0,3.34,0,0,S.w.
Fridel #1,2020-01-28,0.0,0.0,0.0,0,0,OFF
Huber #1,2020-01-28,1.67,0.0,0.0,0,0,
JM Moore 178,2020-01-28,6.68,140.0,4.92,0,0,
JM Moore 192,2020-01-28,13.36,0.0,104.0,0,0,
Joe #1,2020-01-28,0.0,0.0,23.38,0,0,
Kincaid #1,2020-01-28,18.37,0.0,109.98,0,0,
Kirby #1,2020-01-28,5.01,232.7,0.0,0,0,
Kleimann #3,2020-01-28,15.17,0.0,143.1,0,0,
Lloyd #1,2020-01-28,0.0,0.0,0.0,0,0,OFF
McLean #1,2020-01-28,15.89,0.0,14.79,0,0,
Montemayor #1,2020-01-28,0.0,0.0,0.0,0,0,
Paddy 19 State #1 & #5,2020-01-28,8.28,0.0,46.75,0,0,
Palm #1,2020-01-28,134.24,930.3,145.03,0,0,
Pierce Ranch #4,2020-01-28,1.16,20.0,5.01,0,0,
Preston #1,2020-01-28,15.03,322.4,11.69,0,0,
Rhodes #1,2020-01-28,1.67,0.0,116.9,0,0,
Terrell #1,2020-01-28,0.0,54.0,3.34,0,0,Enterprise Sales- 54 MCF
Vermillion #1,2020-01-28,6.68,75.9,6.68,0,0,hot watered well
Wayne #1,2020-01-28,0.0,258.0,0.0,0,0,
Wendel Unit #1,2020-01-28,0.0,0.0,0.0,0,0,
White Marlin #1,2020-01-28,1.67,0.0,0.0,0,0,
Wittig Sisters #1,2020-01-28,0.0,0.0,0.0,0,0,
Blair TXL 7 #1,2020-01-27,35.75,85.0,198.0,0,0,Compressor was down this morning.
Blair TXL 7 #2,2020-01-27,13.95,17.0,0.0,0,0,
Blair TXL 7 #3,2020-01-27,0.0,0.0,0.0,0,0,
CL Moore 6,2020-01-27,1.16,328.0,2.83,0,0,
CL Moore 8,2020-01-27,5.01,0.0,55.11,0,0,
Davis Lease,2020-01-27,16.74,0.0,118.75,0,0,
Dyer Unit #10,2020-01-27,0.0,30.0,20.04,0,0,
Fridel #1,2020-01-27,0.0,0.0,0.0,0,0,OFF
Huber #1,2020-01-27,0.0,0.0,0.0,0,0,
JM Moore 178,2020-01-27,5.01,140.0,0.0,0,0,
JM Moore 192,2020-01-27,15.03,0.0,113.0,0,0,
Joe #1,2020-01-27,0.0,0.0,35.07,0,0,
Kincaid #1,2020-01-27,20.04,0.0,111.63,0,0,
Kirby #1,2020-01-27,6.68,223.3,13.36,0,0,
Kleimann #3,2020-01-27,15.03,0.0,138.09,0,0,
Lloyd #1,2020-01-27,0.0,0.0,0.0,0,0,OFF
McLean #1,2020-01-27,4.54,0.0,3.34,0,0,
Montemayor #1,2020-01-27,0.0,0.0,0.0,0,0,
Paddy 19 State #1 & #5,2020-01-27,0.0,0.0,35.75,0,0,
Palm #1,2020-01-27,137.74,931.7,121.39,0,0,
Pierce Ranch #4,2020-01-27,1.16,23.0,5.01,0,0,
Preston #1,2020-01-27,0.0,325.0,29.8,0,0,
Rhodes #1,2020-01-27,0.0,0.0,0.0,0,0,bol
Terrell #1,2020-01-27,1.67,56.0,0.0,0,0,Enterprise Sales- 56 MCF
Vermillion #1,2020-01-27,0.0,97.1,3.34,0,0,
Wayne #1,2020-01-27,0.0,254.0,0.0,0,0,
Wendel Unit #1,2020-01-27,0.0,0.0,0.0,0,0,
White Marlin #1,2020-01-27,0.0,0.0,0.0,0,0,BOL
Wittig Sisters #1,2020-01-27,0.0,0.0,0.0,0,0,
Blair TXL 7 #1,2020-01-26,41.25,101.0,207.0,0,0,
Blair TXL 7 #2,2020-01-26,11.16,17.0,0.0,0,0,
Blair TXL 7 #3,2020-01-26,0.0,0.0,0.0,0,0,
CL Moore 6,2020-01-26,2.32,356.0,3.99,0,0,
CL Moore 8,2020-01-26,15.03,0.0,51.77,0,0,
Davis Lease,2020-01-26,13.95,0.0,141.0,0,0,
Dyer Unit #10,2020-01-26,0.0,25.0,10.02,0,0,
Fridel #1,2020-01-26,0.0,0.0,0.0,0,0,OFF
Huber #1,2020-01-26,3.34,0.0,0.0,0,0,
JM Moore 178,2020-01-26,10.02,80.0,1.67,0,0,Down underspeed
JM Moore 192,2020-01-26,15.03,0.0,112.0,0,0,
Joe #1,2020-01-26,0.0,0.0,36.48,0,0,
Kincaid #1,2020-01-26,31.73,0.0,113.3,0,0,
Kirby #1,2020-01-26,1.67,103.2,1.67,0,0,
Kleimann #3,2020-01-26,15.03,0.0,308.69,0,0,
Lloyd #1,2020-01-26,0.0,0.0,0.0,0,0,OFF
McLean #1,2020-01-26,9.08,0.0,1.67,0,0,
Montemayor #1,2020-01-26,3.34,0.0,0.0,0,0,
Paddy 19 State #1 & #5,2020-01-26,5.52,0.0,36.5,0,0,
Palm #1,2020-01-26,151.1,931.9,291.73,0,0,
Pierce Ranch #4,2020-01-26,2.27,32.0,6.68,0,0,
Preston #1,2020-01-26,0.0,342.8,28.39,0,0,
Rhodes #1,2020-01-26,0.0,0.0,0.0,0,0,sibu
Terrell #1,2020-01-26,0.0,54.0,1.67,0,0,Enterprise Sales- 54 MCF
Vermillion #1,2020-01-26,6.76,96.4,5.01,0,0,
Wayne #1,2020-01-26,0.0,256.0,0.0,0,0,
Wendel Unit #1,2020-01-26,0.0,0.0,0.0,0,0,
White Marlin #1,2020-01-26,0.0,0.0,0.0,0,0,off
Wittig Sisters #1,2020-01-26,0.0,0.0,0.0,0,0,
Blair TXL 7 #1,2020-01-25,60.5,102.0,214.0,0,0,
Blair TXL 7 #2,2020-01-25,11.16,17.0,0.0,0,0,
Blair TXL 7 #3,2020-01-25,0.0,0.0,0.0,0,0,Off for pumping schedule
CL Moore 6,2020-01-25,8.12,336.0,7.47,0,0,
CL Moore 8,2020-01-25,13.36,0.0,46.76,0,0,
Davis Lease,2020-01-25,13.95,0.0,131.25,0,0,
Dyer Unit #10,2020-01-25,1.16,35.0,26.48,0,0,
Fridel #1,2020-01-25,0.0,0.0,0.0,0,0,OFF
Huber #1,2020-01-25,0.0,0.0,0.0,0,0,
JM Moore 178,2020-01-25,8.35,140.0,1.67,0,0,
JM Moore 192,2020-01-25,15.03,0.0,114.0,0,0,
Joe #1,2020-01-25,0.0,0.0,65.13,0,0,
Kincaid #1,2020-01-25,31.73,0.0,140.02,0,0,
Kirby #1,2020-01-25,1.67,232.6,10.02,0,0,
Kleimann #3,2020-01-25,15.03,0.0,295.13,0,0,
Lloyd #1,2020-01-25,0.0,0.0,0.0,0,0,OFF
McLean #1,2020-01-25,6.81,0.0,1.67,0,0,
Montemayor #1,2020-01-25,0.0,0.0,0.0,0,0,bol
Paddy 19 State #1 & #5,2020-01-25,7.88,0.0,48.25,0,0,
Palm #1,2020-01-25,138.14,934.1,185.11,0,0,
Pierce Ranch #4,2020-01-25,1.16,20.0,5.01,0,0,
Preston #1,2020-01-25,0.0,119.9,31.73,0,0,"bol comp
hot oil"
Rhodes #1,2020-01-25,6.68,0.0,6.68,0,0,si today
Terrell #1,2020-01-25,1.67,51.0,0.0,0,0,Enterprise Sales- 51 MCF
Vermillion #1,2020-01-25,0.0,0.0,0.0,0,0,
Wayne #1,2020-01-25,0.0,258.0,0.0,0,0,
Wendel Unit #1,2020-01-25,0.0,0.0,0.0,0,0,
White Marlin #1,2020-01-25,1.67,0.0,0.0,0,0,
Wittig Sisters #1,2020-01-25,0.0,0.0,0.0,0,0,
Blair TXL 7 #1,2020-01-24,60.5,103.0,218.0,0,0,
Blair TXL 7 #2,2020-01-24,5.58,17.0,0.0,0,0,
Blair TXL 7 #3,2020-01-24,3.0,0.0,0.0,0,0,
CL Moore 6,2020-01-24,0.0,402.0,3.34,0,0,
CL Moore 8,2020-01-24,0.0,0.0,0.0,0,0,Well dn
Davis Lease,2020-01-24,11.16,0.0,167.75,0,0,
Dyer Unit #10,2020-01-24,0.0,30.0,40.08,0,0,
Fridel #1,2020-01-24,0.0,0.0,0.0,0,0,
Huber #1,2020-01-24,1.67,0.0,0.0,0,0,
JM Moore 178,2020-01-24,3.34,140.0,1.58,0,0,
JM Moore 192,2020-01-24,13.36,0.0,97.0,0,0,
Joe #1,2020-01-24,0.0,0.0,13.36,0,0,
Kincaid #1,2020-01-24,18.37,0.0,118.37,0,0,
Kirby #1,2020-01-24,1.67,228.1,0.0,0,0,
Kleimann #3,2020-01-24,10.02,0.0,106.42,0,0,
Lloyd #1,2020-01-24,0.0,0.0,0.0,0,0,OFF
McLean #1,2020-01-24,13.62,0.0,0.0,0,0,
Montemayor #1,2020-01-24,0.0,0.0,0.0,0,0,
Paddy 19 State #1 & #5,2020-01-24,5.52,0.0,55.0,0,0,
Palm #1,2020-01-24,148.0,942.2,148.37,0,0,
Pierce Ranch #4,2020-01-24,1.16,25.0,6.68,0,0,
Preston #1,2020-01-24,9.2,336.6,36.74,0,0,
Rhodes #1,2020-01-24,5.01,0.0,8.35,0,0,
Terrell #1,2020-01-24,1.67,49.0,0.0,0,0,Enterprise Sales-49 MCF
Vermillion #1,2020-01-24,13.36,101.0,8.35,0,0,
Wayne #1,2020-01-24,0.0,260.0,0.0,0,0,
Wendel Unit #1,2020-01-24,0.0,0.0,0.0,0,0,
White Marlin #1,2020-01-24,1.67,0.0,0.0,0,0,
Wittig Sisters #1,2020-01-24,0.0,0.0,0.0,0,0,
Blair TXL 7 #1,2020-01-23,57.75,110.0,223.0,0,0,
Blair TXL 7 #2,2020-01-23,11.16,17.0,0.0,0,0,
Blair TXL 7 #3,2020-01-23,2.0,0.0,0.0,0,0,
CL Moore 6,2020-01-23,0.0,272.0,0.0,0,0,
CL Moore 8,2020-01-23,0.0,0.0,0.0,0,0,Well dn
Davis Lease,2020-01-23,13.95,0.0,139.25,0,0,
Dyer Unit #10,2020-01-23,0.0,20.0,3.34,0,0,
Fridel #1,2020-01-23,0.0,0.0,0.76,0,0,OFF
Huber #1,2020-01-23,1.67,0.0,0.0,0,0,
JM Moore 178,2020-01-23,5.01,140.0,0.0,0,0,
JM Moore 192,2020-01-23,15.03,0.0,120.0,0,0,
Joe #1,2020-01-23,0.0,0.0,1.67,0,0,
Kincaid #1,2020-01-23,25.05,0.0,133.36,0,0,
Kirby #1,2020-01-23,1.67,70.2,3.34,0,0,
Kleimann #3,2020-01-23,10.02,0.0,191.59,0,0,
Lloyd #1,2020-01-23,0.0,0.0,0.0,0,0,OFF
McLean #1,2020-01-23,4.54,0.0,1.67,0,0,
Montemayor #1,2020-01-23,0.0,0.0,0.0,0,0,
Paddy 19 State #1 & #5,2020-01-23,8.28,0.0,43.25,0,0,
Palm #1,2020-01-23,66.8,942.3,184.91,0,0,
Pierce Ranch #4,2020-01-23,1.16,31.0,5.01,0,0,
Preston #1,2020-01-23,6.68,341.8,26.46,0,0,
Rhodes #1,2020-01-23,3.34,0.0,3.34,0,0,
Terrell #1,2020-01-23,0.0,46.0,1.67,0,0,Enterprise Sales-46 MCF
Vermillion #1,2020-01-23,0.0,107.5,20.04,0,0,
Wayne #1,2020-01-23,0.0,261.0,0.0,0,0,
Wendel Unit #1,2020-01-23,0.0,0.0,0.0,0,0,
White Marlin #1,2020-01-23,5.01,0.0,0.0,0,0,
Wittig Sisters #1,2020-01-23,0.0,0.0,0.0,0,0,
Blair TXL 7 #1,2020-01-22,66.0,111.0,224.0,0,0,
Blair TXL 7 #2,2020-01-22,13.95,17.0,0.0,0,0,
Blair TXL 7 #3,2020-01-22,3.0,0.0,0.0,0,0,
CL Moore 6,2020-01-22,0.0,349.0,1.67,0,0,
CL Moore 8,2020-01-22,0.0,0.0,0.0,0,0,Well dn
Davis Lease,2020-01-22,16.74,0.0,147.75,0,0,
Dyer Unit #10,2020-01-22,1.16,25.0,10.02,0,0,
Fridel #1,2020-01-22,0.0,0.0,0.0,0,0,OFF
Huber #1,2020-01-22,3.34,0.0,0.0,0,0,
JM Moore 178,2020-01-22,8.35,140.0,3.34,0,0,
JM Moore 192,2020-01-22,15.03,0.0,144.0,0,0,Ct
Joe #1,2020-01-22,0.0,0.0,0.0,0,0,bol
Kincaid #1,2020-01-22,8.35,0.0,88.25,0,0,
Kirby #1,2020-01-22,3.34,168.3,13.12,0,0,
Kleimann #3,2020-01-22,10.02,0.0,238.29,0,0,
Lloyd #1,2020-01-22,0.0,0.0,0.0,0,0,OFF
McLean #1,2020-01-22,2.27,0.0,1.67,0,0,
Montemayor #1,2020-01-22,0.0,0.0,0.0,0,0,
Paddy 19 State #1 & #5,2020-01-22,5.52,0.0,30.25,0,0,
Palm #1,2020-01-22,46.73,945.2,181.77,0,0,
Pierce Ranch #4,2020-01-22,1.16,19.0,5.01,0,0,
Preston #1,2020-01-22,8.35,330.7,33.4,0,0,
Rhodes #1,2020-01-22,5.01,0.0,3.34,0,0,
Terrell #1,2020-01-22,0.0,45.0,1.67,0,0,Enterprise Sales- 45 MCF
Vermillion #1,2020-01-22,0.0,101.7,20.04,0,0,
Wayne #1,2020-01-22,0.0,265.0,0.0,0,0,
Wendel Unit #1,2020-01-22,0.0,0.0,0.0,0,0,
White Marlin #1,2020-01-22,1.67,0.0,0.0,0,0,
Wittig Sisters #1,2020-01-22,0.0,0.0,0.0,0,0,
Blair TXL 7 #1,2020-01-21,66.0,109.0,220.0,0,0,
Blair TXL 7 #2,2020-01-21,13.95,17.0,0.0,0,0,
Blair TXL 7 #3,2020-01-21,5.0,0.0,0.0,0,0,
CL Moore 6,2020-01-21,2.32,383.0,3.34,0,0,
CL Moore 8,2020-01-21,0.0,0.0,0.0,0,0,Well dn
Davis Lease,2020-01-21,16.74,0.0,121.75,0,0,
Dyer Unit #10,2020-01-21,0.0,20.0,6.68,0,0,
Fridel #1,2020-01-21,0.0,0.0,0.0,0,0,OFF
Huber #1,2020-01-21,3.34,0.0,0.0,0,0,
JM Moore 178,2020-01-21,5.01,140.0,0.05,0,0,
JM Moore 192,2020-01-21,13.36,0.0,146.0,0,0,
Joe #1,2020-01-21,1.67,0.0,0.0,0,0,
Kincaid #1,2020-01-21,10.02,0.0,171.75,0,0,flaring 165 mcf
Kirby #1,2020-01-21,5.01,59.2,10.02,0,0,
Kleimann #3,2020-01-21,10.02,0.0,196.8,0,0,
Lloyd #1,2020-01-21,0.0,0.0,0.0,0,0,OFF
McLean #1,2020-01-21,0.0,0.0,1.67,0,0,
Montemayor #1,2020-01-21,0.0,0.0,0.0,0,0,
Paddy 19 State #1 & #5,2020-01-21,8.28,0.0,49.5,0,0,
Palm #1,2020-01-21,78.33,945.1,151.45,0,0,well BOL shut in on high press on Sept.?
Pierce Ranch #4,2020-01-21,2.27,30.0,6.68,0,0,
Preston #1,2020-01-21,8.35,331.2,20.04,0,0,
Rhodes #1,2020-01-21,6.68,0.0,3.34,0,0,
Terrell #1,2020-01-21,1.67,41.0,1.67,0,0,Enterprise Sales- 41 MCF
Vermillion #1,2020-01-21,6.68,107.1,3.34,0,0,
Wayne #1,2020-01-21,0.0,270.0,0.0,0,0,
Wendel Unit #1,2020-01-21,0.0,0.0,0.0,0,0,
White Marlin #1,2020-01-21,0.0,0.0,0.0,0,0,sibu
Wittig Sisters #1,2020-01-21,0.0,6.0,47.56,0,0,
Blair TXL 7 #1,2020-01-20,49.5,115.0,219.0,0,0,
Blair TXL 7 #2,2020-01-20,13.95,18.0,0.0,0,0,
Blair TXL 7 #3,2020-01-20,6.0,0.0,0.0,0,0,
CL Moore 6,2020-01-20,0.0,288.0,1.67,0,0,
CL Moore 8,2020-01-20,0.0,0.0,0.0,0,0,Well dn
Davis Lease,2020-01-20,13.25,0.0,151.25,0,0,
Dyer Unit #10,2020-01-20,1.16,30.0,20.04,0,0,
Fridel #1,2020-01-20,0.0,0.0,0.0,0,0,
Huber #1,2020-01-20,0.0,0.0,0.0,0,0,bol
JM Moore 178,2020-01-20,3.34,140.0,1.67,0,0,
JM Moore 192,2020-01-20,15.03,0.0,136.0,0,0,
Joe #1,2020-01-20,1.67,0.0,0.0,0,0,
Kincaid #1,2020-01-20,41.75,0.0,89.74,0,0,
Kirby #1,2020-01-20,3.34,15.9,3.34,0,0,comp. BOL down on low oil press. called mech to check unit ?
Kleimann #3,2020-01-20,6.68,0.0,169.82,0,0,
Lloyd #1,2020-01-20,0.0,0.0,0.0,0,0,OFF
McLean #1,2020-01-20,6.81,0.0,6.68,0,0,
Montemayor #1,2020-01-20,0.0,0.0,0.0,0,0,unit down broke water pump and radiator
Paddy 19 State #1 & #5,2020-01-20,2.76,0.0,80.5,0,0,
Palm #1,2020-01-20,211.82,951.4,185.11,0,0,
Pierce Ranch #4,2020-01-20,1.16,19.0,5.01,0,0,
Preston #1,2020-01-20,10.02,338.6,25.05,0,0,
Rhodes #1,2020-01-20,5.01,0.0,8.35,0,0,
Terrell #1,2020-01-20,0.0,46.0,1.67,0,0,Enterprise Sales- 46 MCF
Vermillion #1,2020-01-20,0.0,95.6,1.41,0,0,
Wayne #1,2020-01-20,0.0,274.0,0.0,0,0,
Wendel Unit #1,2020-01-20,0.0,0.0,0.0,0,0,
White Marlin #1,2020-01-20,0.0,0.0,0.0,0,0,sibu
Wittig Sisters #1,2020-01-20,0.0,0.0,0.0,0,0,
Blair TXL 7 #1,2020-01-19,52.25,118.0,221.0,0,0,
Blair TXL 7 #2,2020-01-19,13.95,18.0,0.0,0,0,
Blair TXL 7 #3,2020-01-19,8.0,0.0,0.0,0,0,
CL Moore 6,2020-01-19,0.0,310.0,1.67,0,0,
CL Moore 8,2020-01-19,0.0,0.0,0.0,0,0,Well dn
Davis Lease,2020-01-19,17.12,0.0,142.0,0,0,
Dyer Unit #10,2020-01-19,0.0,20.0,6.68,0,0,
Fridel #1,2020-01-19,0.0,0.0,0.0,0,0,OFF
Huber #1,2020-01-19,0.0,0.0,0.0,0,0,unit off for the weekend
JM Moore 178,2020-01-19,5.01,140.0,0.0,0,0,
JM Moore 192,2020-01-19,13.36,0.0,141.0,0,0,
Joe #1,2020-01-19,1.67,0.0,0.0,0,0,
Kincaid #1,2020-01-19,5.01,0.0,103.54,0,0,
Kirby #1,2020-01-19,5.01,2.9,3.34,0,0,comp.BOL down on low oil press
Kleimann #3,2020-01-19,23.38,0.0,231.87,0,0,
Lloyd #1,2020-01-19,0.0,0.0,0.0,0,0,OFF
McLean #1,2020-01-19,4.54,0.0,0.0,0,0,
Montemayor #1,2020-01-19,0.0,0.0,0.0,0,0,unit off for weekend
Paddy 19 State #1 & #5,2020-01-19,5.52,0.0,35.75,0,0,
Palm #1,2020-01-19,332.46,802.6,145.03,0,0,
Pierce Ranch #4,2020-01-19,1.16,21.0,5.01,0,0,
Preston #1,2020-01-19,10.02,340.4,23.38,0,0,
Rhodes #1,2020-01-19,3.34,0.0,5.01,0,0,
Terrell #1,2020-01-19,0.0,49.0,0.0,0,0,Enterprise Sales- 49 MCF
Vermillion #1,2020-01-19,3.34,89.8,6.68,0,0,
Wayne #1,2020-01-19,0.0,272.0,0.0,0,0,
Wendel Unit #1,2020-01-19,0.0,0.0,0.0,0,0,
White Marlin #1,2020-01-19,0.0,0.0,0.0,0,0,unit off for the weekend
Wittig Sisters #1,2020-01-19,0.0,0.0,0.0,0,0,
Blair TXL 7 #1,2020-01-18,52.25,122.0,228.0,0,0,
Blair TXL 7 #2,2020-01-18,13.95,17.0,0.0,0,0,
Blair TXL 7 #3,2020-01-18,12.0,0.0,0.0,0,0,
CL Moore 6,2020-01-18,1.67,318.0,1.88,0,0,
CL Moore 8,2020-01-18,0.0,0.0,0.0,0,0,Well dn
Davis Lease,2020-01-18,16.74,0.0,171.0,0,0,Shut #1 down
Dyer Unit #10,2020-01-18,0.0,25.0,16.7,0,0,
Fridel #1,2020-01-18,0.0,0.0,0.0,0,0,OFF
Huber #1,2020-01-18,0.0,0.0,0.0,0,0,unit off for the weekend
JM Moore 178,2020-01-18,5.01,140.0,0.0,0,0,
JM Moore 192,2020-01-18,18.37,0.0,152.0,0,0,
Joe #1,2020-01-18,0.0,0.0,0.0,0,0,unit off
Kincaid #1,2020-01-18,0.0,0.0,16.7,0,0,
Kirby #1,2020-01-18,3.34,35.2,3.34,0,0,
Kleimann #3,2020-01-18,0.0,0.0,153.38,0,0,
Lloyd #1,2020-01-18,0.0,0.0,0.0,0,0,OFF
McLean #1,2020-01-18,6.81,0.0,3.34,0,0,
Montemayor #1,2020-01-18,0.0,0.0,0.0,0,0,unit off for the weekend
Paddy 19 State #1 & #5,2020-01-18,8.28,0.0,46.75,0,0,
Palm #1,2020-01-18,153.64,772.8,241.63,0,0,comp. down broke scrubber regulator BOL
Pierce Ranch #4,2020-01-18,0.0,30.0,5.01,0,0,
Preston #1,2020-01-18,5.01,351.8,39.82,0,0,
Rhodes #1,2020-01-18,6.68,0.0,8.35,0,0,
Terrell #1,2020-01-18,1.67,55.0,0.0,0,0,Enterprise Sales-55 MCF
Vermillion #1,2020-01-18,0.0,97.5,0.0,0,0,
Wayne #1,2020-01-18,0.0,277.0,0.0,0,0,
Wendel Unit #1,2020-01-18,0.0,0.0,0.0,0,0,
White Marlin #1,2020-01-18,0.0,0.0,0.0,0,0,unit off for the weekend
Wittig Sisters #1,2020-01-18,0.0,0.0,0.0,0,0,
Blair TXL 7 #1,2020-01-17,55.0,213.0,237.0,0,0,
Blair TXL 7 #2,2020-01-17,13.95,18.0,0.0,0,0,
Blair TXL 7 #3,2020-01-17,0.0,0.0,0.0,0,0,
CL Moore 6,2020-01-17,0.0,319.0,3.34,0,0,
CL Moore 8,2020-01-17,0.0,0.0,0.0,0,0,Well dn
Davis Lease,2020-01-17,16.74,0.0,192.5,0,0,
Dyer Unit #10,2020-01-17,0.0,25.0,8.35,0,0,
Fridel #1,2020-01-17,0.0,0.0,0.0,0,0,OFF
Huber #1,2020-01-17,0.0,0.0,0.0,0,0,sibu
JM Moore 178,2020-01-17,5.01,140.0,1.67,0,0,
JM Moore 192,2020-01-17,15.03,0.0,143.0,0,0,
Joe #1,2020-01-17,0.0,0.0,0.0,0,0,"unit off, well was treated"
Kincaid #1,2020-01-17,0.0,0.0,0.0,0,0,work over rig
Kirby #1,2020-01-17,5.01,13.6,1.67,0,0,
Kleimann #3,2020-01-17,0.0,0.0,161.73,0,0,
Lloyd #1,2020-01-17,0.0,0.0,0.0,0,0,OFF
McLean #1,2020-01-17,6.81,0.0,0.0,0,0,
Montemayor #1,2020-01-17,0.0,0.0,0.0,0,0,
Paddy 19 State #1 & #5,2020-01-17,5.52,0.0,28.5,0,0,
Palm #1,2020-01-17,147.6,964.9,166.74,0,0,
Pierce Ranch #4,2020-01-17,1.16,23.0,6.68,0,0,
Preston #1,2020-01-17,5.01,329.8,1.67,0,0,
Rhodes #1,2020-01-17,1.67,0.0,5.01,0,0,
Terrell #1,2020-01-17,3.34,57.0,0.0,0,0,Enterprise Sales- 57 MCF
Vermillion #1,2020-01-17,0.0,94.8,0.0,0,0,
Wayne #1,2020-01-17,0.0,274.0,0.0,0,0,
Wendel Unit #1,2020-01-17,0.0,0.0,0.0,0,0,
White Marlin #1,2020-01-17,0.0,0.0,0.0,0,0,unit off
Wittig Sisters #1,2020-01-17,0.0,0.0,0.0,0,0,
Blair TXL 7 #1,2020-01-16,57.75,244.0,77.0,0,0,
Blair TXL 7 #2,2020-01-16,13.95,18.0,0.0,0,0,
Blair TXL 7 #3,2020-01-16,0.0,0.0,0.0,0,0,
CL Moore 6,2020-01-16,0.0,302.0,0.0,0,0,
CL Moore 8,2020-01-16,0.0,0.0,0.0,0,0,Well dn
Davis Lease,2020-01-16,16.74,0.0,200.75,0,0,
Dyer Unit #10,2020-01-16,1.16,30.0,20.04,0,0,
Fridel #1,2020-01-16,0.0,0.0,0.0,0,0,OFF
Huber #1,2020-01-16,0.0,0.0,0.0,0,0,
JM Moore 178,2020-01-16,6.68,140.0,0.0,0,0,
JM Moore 192,2020-01-16,15.03,0.0,140.0,0,0,
Joe #1,2020-01-16,0.0,0.0,0.0,0,0,unit off
Kincaid #1,2020-01-16,26.72,0.0,156.72,0,0,223 gas flared
Kirby #1,2020-01-16,3.34,81.5,3.34,0,0,
Kleimann #3,2020-01-16,6.68,0.0,201.55,0,0,
Lloyd #1,2020-01-16,0.0,0.0,0.0,0,0,OFF
McLean #1,2020-01-16,11.35,0.0,3.34,0,0,
Montemayor #1,2020-01-16,0.0,0.0,0.0,0,0,
Paddy 19 State #1 & #5,2020-01-16,8.28,0.0,55.0,0,0,
Palm #1,2020-01-16,155.98,973.7,160.06,0,0,
Pierce Ranch #4,2020-01-16,0.0,29.0,8.35,0,0,
Preston #1,2020-01-16,13.36,333.0,13.36,0,0,
Rhodes #1,2020-01-16,1.67,0.0,1.41,0,0,
Vermillion #1,2020-01-16,3.34,99.2,15.03,0,0,
Wayne #1,2020-01-16,0.0,275.0,0.0,0,0,
Wendel Unit #1,2020-01-16,0.0,0.0,0.0,0,0,
White Marlin #1,2020-01-16,1.67,0.0,0.0,0,0,
Wittig Sisters #1,2020-01-16,0.0,0.0,0.0,0,0,
Blair TXL 7 #1,2020-01-15,78.38,190.0,-11.0,0,0,
Blair TXL 7 #2,2020-01-15,13.25,17.0,0.0,0,0,
Blair TXL 7 #3,2020-01-15,0.0,0.0,0.0,0,0,
CL Moore 6,2020-01-15,0.0,320.0,3.34,0,0,
CL Moore 8,2020-01-15,0.0,0.0,0.0,0,0,Well dn
Davis Lease,2020-01-15,13.95,0.0,146.0,0,0,Restarted #1 from power outage Tuesday evening
Dyer Unit #10,2020-01-15,0.0,20.0,1.43,0,0,
Fridel #1,2020-01-15,0.0,0.0,0.0,0,0,OFF
Huber #1,2020-01-15,0.0,0.0,0.0,0,0,
JM Moore 178,2020-01-15,5.01,140.0,1.67,0,0,
JM Moore 192,2020-01-15,14.19,0.0,150.0,0,0,Ct
Joe #1,2020-01-15,0.0,0.0,0.0,0,0,unit off
Kincaid #1,2020-01-15,15.03,0.0,150.04,0,0,"well shut in last night on low separator pressure bol this morning
124 flared"
Kirby #1,2020-01-15,1.67,63.6,3.34,0,0,
Kleimann #3,2020-01-15,0.0,0.0,188.45,0,0,
Lloyd #1,2020-01-15,0.0,0.0,0.0,0,0,OFF
McLean #1,2020-01-15,6.81,0.0,0.0,0,0,
Montemayor #1,2020-01-15,0.0,0.0,0.0,0,0,
Paddy 19 State #1 & #5,2020-01-15,8.28,0.0,22.0,0,0,
Palm #1,2020-01-15,142.92,974.6,219.98,0,0,
Pierce Ranch #4,2020-01-15,2.32,29.0,6.68,0,0,
Preston #1,2020-01-15,6.68,331.4,11.69,0,0,
Rhodes #1,2020-01-15,3.34,0.0,5.01,0,0,
Terrell #1,2020-01-15,1.67,56.0,0.0,0,0,Enterprise Sales- 56 MCF
Vermillion #1,2020-01-15,3.34,60.9,0.0,0,0,
Wayne #1,2020-01-15,0.0,272.0,0.0,0,0,
Wendel Unit #1,2020-01-15,0.0,0.0,0.0,0,0,
White Marlin #1,2020-01-15,1.67,0.0,0.0,0,0,
Wittig Sisters #1,2020-01-15,0.0,0.0,0.0,0,0,
Blair TXL 7 #1,2020-01-14,61.88,56.0,107.0,0,0,
Blair TXL 7 #2,2020-01-14,13.95,18.0,0.0,0,0,
Blair TXL 7 #3,2020-01-14,0.0,0.0,0.0,0,0,
CL Moore 6,2020-01-14,0.0,315.0,3.34,0,0,
CL Moore 8,2020-01-14,0.0,0.0,0.0,0,0,Well dn
Davis Lease,2020-01-14,16.74,0.0,153.0,0,0,Hour early
Dyer Unit #10,2020-01-14,0.0,30.0,35.07,0,0,
Fridel #1,2020-01-14,0.0,0.0,0.0,0,0,Off
Huber #1,2020-01-14,11.69,0.0,0.0,0,0,
JM Moore 178,2020-01-14,5.01,140.0,0.0,0,0,
JM Moore 192,2020-01-14,15.03,0.0,144.0,0,0,
Joe #1,2020-01-14,0.0,0.0,0.0,0,0,work over on loc.
Kincaid #1,2020-01-14,46.76,0.0,50.1,0,0,"26/64 ck 
flared 223 gas
200 psi this morning put direct to heater"
Kirby #1,2020-01-14,5.01,59.7,1.67,0,0,
Kleimann #3,2020-01-14,18.37,0.0,148.11,0,0,
Lloyd #1,2020-01-14,0.0,0.0,0.0,0,0,OFF
McLean #1,2020-01-14,0.0,0.0,13.36,0,0,
Montemayor #1,2020-01-14,5.01,0.0,0.0,0,0,
Paddy 19 State #1 & #5,2020-01-14,8.28,0.0,43.5,0,0,
Palm #1,2020-01-14,155.28,974.3,156.72,0,0,
Pierce Ranch #4,2020-01-14,1.16,23.0,6.42,0,0,
Preston #1,2020-01-14,6.68,321.5,5.01,0,0,
Rhodes #1,2020-01-14,3.34,0.0,3.34,0,0,
Terrell #1,2020-01-14,1.67,45.0,1.67,0,0,Enterprise Sales-45 MCF
Vermillion #1,2020-01-14,0.0,68.8,20.04,0,0,
Wayne #1,2020-01-14,0.0,265.0,0.0,0,0,
Wendel Unit #1,2020-01-14,0.0,0.0,0.0,0,0,
White Marlin #1,2020-01-14,1.67,0.0,0.0,0,0,
Wittig Sisters #1,2020-01-14,0.0,0.0,0.0,0,0,
Blair TXL 7 #1,2020-01-13,1.38,18.0,0.0,0,0,
Blair TXL 7 #2,2020-01-13,11.16,18.0,0.0,0,0,
Blair TXL 7 #3,2020-01-13,0.0,0.0,0.0,0,0,
CL Moore 6,2020-01-13,0.0,297.0,1.67,0,0,
CL Moore 8,2020-01-13,0.0,0.0,0.0,0,0,Well dn
Davis Lease,2020-01-13,22.32,0.0,186.75,0,0,
Dyer Unit #10,2020-01-13,1.16,30.0,10.02,0,0,
Fridel #1,2020-01-13,0.0,0.0,0.0,0,0,OFF
Huber #1,2020-01-13,40.08,0.0,0.0,0,0,
JM Moore 178,2020-01-13,5.01,140.0,1.67,0,0,
JM Moore 192,2020-01-13,15.03,0.0,145.0,0,0,
Joe #1,2020-01-13,0.0,0.0,0.0,0,0,
Kincaid #1,2020-01-13,0.0,0.0,0.0,0,0,bol at 10;00 am
Kirby #1,2020-01-13,2.65,58.2,0.0,0,0,
Kleimann #3,2020-01-13,0.0,0.0,140.02,0,0,
Lloyd #1,2020-01-13,0.0,0.0,0.0,0,0,OFF
McLean #1,2020-01-13,11.35,0.0,0.0,0,0,
Montemayor #1,2020-01-13,0.0,0.0,0.0,0,0,
Paddy 19 State #1 & #5,2020-01-13,2.76,0.0,45.0,0,0,
Palm #1,2020-01-13,157.64,972.8,166.48,0,0,
Pierce Ranch #4,2020-01-13,1.16,24.0,6.68,0,0,
Preston #1,2020-01-13,10.02,343.0,5.01,0,0,
Rhodes #1,2020-01-13,11.69,0.0,0.0,0,0,
Terrell #1,2020-01-13,0.0,40.0,1.67,0,0,Enterprise Sales- 40 MCF
Vermillion #1,2020-01-13,0.0,98.4,93.26,0,0,
Wayne #1,2020-01-13,0.0,268.0,0.0,0,0,
Wendel Unit #1,2020-01-13,0.0,0.0,0.0,0,0,
White Marlin #1,2020-01-13,1.67,0.0,0.0,0,0,
Wittig Sisters #1,2020-01-13,0.0,0.0,0.0,0,0,
Blair TXL 7 #1,2020-01-12,2.75,18.0,0.0,0,0,
Blair TXL 7 #2,2020-01-12,11.16,18.0,0.0,0,0,
Blair TXL 7 #3,2020-01-12,0.0,0.0,0.0,0,0,
CL Moore 6,2020-01-12,0.0,309.0,3.34,0,0,
CL Moore 8,2020-01-12,0.0,0.0,0.0,0,0,Well dn
Davis Lease,2020-01-12,19.53,0.0,176.5,0,0,
Dyer Unit #10,2020-01-12,0.0,20.0,1.67,0,0,
Fridel #1,2020-01-12,0.0,0.0,0.0,0,0,OFF
Huber #1,2020-01-12,0.0,0.0,0.0,0,0,
JM Moore 178,2020-01-12,6.68,140.0,0.0,0,0,
JM Moore 192,2020-01-12,13.36,0.0,147.0,0,0,
Joe #1,2020-01-12,0.0,0.0,0.0,0,0,
Kirby #1,2020-01-12,3.34,65.0,10.02,0,0,
Kleimann #3,2020-01-12,0.0,0.0,256.92,0,0,
Lloyd #1,2020-01-12,0.0,0.0,0.0,0,0,OFF
McLean #1,2020-01-12,2.27,0.0,0.0,0,0,
Montemayor #1,2020-01-12,3.34,0.0,0.0,0,0,
Paddy 19 State #1 & #5,2020-01-12,8.28,0.0,52.25,0,0,
Palm #1,2020-01-12,158.28,971.8,198.47,0,0,
Pierce Ranch #4,2020-01-12,2.27,23.0,5.01,0,0,
Preston #1,2020-01-12,13.36,330.6,3.34,0,0,
Rhodes #1,2020-01-12,10.02,0.0,1.67,0,0,
Terrell #1,2020-01-12,0.0,42.0,1.67,0,0,Enterprise Sales- 42 MCF
Vermillion #1,2020-01-12,0.0,97.3,16.7,0,0,
Wayne #1,2020-01-12,0.0,261.0,0.0,0,0,
Wendel Unit #1,2020-01-12,0.0,0.0,0.0,0,0,
White Marlin #1,2020-01-12,1.67,0.0,0.0,0,0,
Wittig Sisters #1,2020-01-12,0.0,0.0,0.0,0,0,
Blair TXL 7 #1,2020-01-11,2.75,18.0,0.0,0,0,
Blair TXL 7 #2,2020-01-11,13.95,18.0,0.0,0,0,
Blair TXL 7 #3,2020-01-11,0.0,0.0,0.0,0,0,off for pumping schedule
CL Moore 6,2020-01-11,0.0,323.0,0.0,0,0,
CL Moore 8,2020-01-11,0.0,0.0,0.0,0,0,Well dn
Davis Lease,2020-01-11,22.32,0.0,190.5,0,0,
Dyer Unit #10,2020-01-11,1.16,30.0,13.36,0,0,
Fridel #1,2020-01-11,0.0,0.0,0.0,0,0,OFF
Huber #1,2020-01-11,0.0,0.0,0.0,0,0,
JM Moore 178,2020-01-11,6.68,140.0,1.67,0,0,
JM Moore 192,2020-01-11,13.36,0.0,161.0,0,0,
Joe #1,2020-01-11,0.0,0.0,0.0,0,0,
Kirby #1,2020-01-11,5.01,0.0,1.67,0,0,bol comp
Kleimann #3,2020-01-11,0.0,0.0,184.85,0,0,
Lloyd #1,2020-01-11,0.0,0.0,0.0,0,0,OFF
McLean #1,2020-01-11,6.81,0.0,0.0,0,0,
Montemayor #1,2020-01-11,0.0,0.0,0.0,0,0,
Paddy 19 State #1 & #5,2020-01-11,8.28,0.0,59.75,0,0,
Palm #1,2020-01-11,152.5,889.5,193.26,0,0,
Pierce Ranch #4,2020-01-11,1.16,24.0,5.01,0,0,
Preston #1,2020-01-11,10.02,339.1,28.39,0,0,
Rhodes #1,2020-01-11,5.01,0.0,6.68,0,0,
Terrell #1,2020-01-11,0.0,46.0,1.67,0,0,Enterprise Sales- 46 MCF
Vermillion #1,2020-01-11,3.34,100.3,20.04,0,0,
Wayne #1,2020-01-11,0.0,264.0,0.0,0,0,
Wendel Unit #1,2020-01-11,0.0,0.0,0.0,0,0,
White Marlin #1,2020-01-11,1.67,0.0,0.0,0,0,
Wittig Sisters #1,2020-01-11,0.0,0.0,0.0,0,0,
Blair TXL 7 #1,2020-01-10,2.75,20.0,0.0,0,0,
Blair TXL 7 #2,2020-01-10,11.16,20.0,0.0,0,0,
Blair TXL 7 #3,2020-01-10,3.0,0.0,0.0,0,0,
CL Moore 6,2020-01-10,0.0,325.0,3.34,0,0,
CL Moore 8,2020-01-10,0.0,0.0,0.0,0,0,Well dn
Davis Lease,2020-01-10,20.6,0.0,282.75,0,0,
Dyer Unit #10,2020-01-10,1.16,30.0,20.04,0,0,
Fridel #1,2020-01-10,0.0,0.0,0.0,0,0,OFF
Huber #1,2020-01-10,0.0,0.0,0.0,0,0,
JM Moore 178,2020-01-10,8.35,140.0,21.77,0,0,Transferred fluid from poly tank to water tank
JM Moore 192,2020-01-10,13.36,0.0,155.0,0,0,
Joe #1,2020-01-10,0.0,0.0,0.0,0,0,
Kirby #1,2020-01-10,5.01,20.5,3.34,0,0,
Kleimann #3,2020-01-10,0.0,0.0,99.94,0,0,
Lloyd #1,2020-01-10,0.0,0.0,0.0,0,0,OFF
McLean #1,2020-01-10,11.35,0.0,0.0,0,0,
Montemayor #1,2020-01-10,0.89,0.0,0.0,0,0,
Paddy 19 State #1 & #5,2020-01-10,2.76,0.0,57.75,0,0,
Palm #1,2020-01-10,140.28,262.4,241.89,0,0,bol comp down on low suction
Pierce Ranch #4,2020-01-10,1.16,25.0,5.01,0,0,
Preston #1,2020-01-10,5.01,331.8,6.68,0,0,
Rhodes #1,2020-01-10,1.67,0.0,6.68,0,0,
Terrell #1,2020-01-10,1.67,50.0,1.67,0,0,Enterprise Sales- 50 MCF
Vermillion #1,2020-01-10,0.0,76.7,143.36,0,0,
Wayne #1,2020-01-10,0.0,262.0,0.0,0,0,
Wendel Unit #1,2020-01-10,0.0,0.0,0.0,0,0,
White Marlin #1,2020-01-10,1.67,0.0,0.0,0,0,
Wittig Sisters #1,2020-01-10,0.0,0.0,0.0,0,0,
Blair TXL 7 #1,2020-01-09,2.75,20.0,0.0,0,0,
Blair TXL 7 #2,2020-01-09,11.16,20.0,0.0,0,0,
Blair TXL 7 #3,2020-01-09,3.0,0.0,0.0,0,0,
CL Moore 6,2020-01-09,0.0,306.0,1.67,0,0,
CL Moore 8,2020-01-09,0.0,0.0,0.0,0,0,Well dn
Davis Lease,2020-01-09,22.32,0.0,145.5,0,0,Started #1.
Dyer Unit #10,2020-01-09,0.0,20.0,10.02,0,0,
Fridel #1,2020-01-09,0.0,0.0,0.0,0,0,OFF
Huber #1,2020-01-09,0.0,0.0,0.0,0,0,
JM Moore 178,2020-01-09,6.68,140.0,1.67,0,0,
JM Moore 192,2020-01-09,15.03,0.0,161.0,0,0,
Joe #1,2020-01-09,0.0,0.0,0.0,0,0,
Kirby #1,2020-01-09,5.01,0.0,0.0,0,0,
Kleimann #3,2020-01-09,1.67,0.0,188.25,0,0,
Lloyd #1,2020-01-09,0.0,0.0,0.0,0,0,OFF
McLean #1,2020-01-09,0.0,0.0,3.34,0,0,
Montemayor #1,2020-01-09,3.34,0.0,53.44,0,0,
Paddy 19 State #1 & #5,2020-01-09,2.76,0.0,242.0,0,0,Paddy 19-1 off resting. SWD overloading.
Palm #1,2020-01-09,153.38,807.7,63.2,0,0,
Pierce Ranch #4,2020-01-09,2.27,28.0,5.01,0,0,
Preston #1,2020-01-09,6.68,329.1,11.69,0,0,
Rhodes #1,2020-01-09,3.34,0.0,3.34,0,0,
Terrell #1,2020-01-09,0.0,48.0,1.67,0,0,Enterprise Sales- 48MCF
Vermillion #1,2020-01-09,3.34,91.1,10.02,0,0,
Wayne #1,2020-01-09,0.0,265.0,0.0,0,0,
Wendel Unit #1,2020-01-09,0.0,0.0,0.0,0,0,
White Marlin #1,2020-01-09,0.0,0.0,0.0,0,0,
Wittig Sisters #1,2020-01-09,0.0,0.0,0.0,0,0,
Blair TXL 7 #1,2020-01-08,2.75,21.0,0.0,0,0,
Blair TXL 7 #2,2020-01-08,8.37,21.0,0.0,0,0,
Blair TXL 7 #3,2020-01-08,3.0,0.0,0.0,0,0,
CL Moore 6,2020-01-08,0.0,286.0,1.67,0,0,
CL Moore 8,2020-01-08,0.0,0.0,0.0,0,0,Well dn
Davis Lease,2020-01-08,22.32,0.0,173.0,0,0,
Dyer Unit #10,2020-01-08,0.0,20.0,6.68,0,0,
Fridel #1,2020-01-08,0.0,0.0,0.0,0,0,OFF
Huber #1,2020-01-08,1.67,0.0,0.0,0,0,
JM Moore 178,2020-01-08,5.01,140.0,1.67,0,0,
JM Moore 192,2020-01-08,15.03,0.0,158.0,0,0,Ct 192
Joe #1,2020-01-08,0.0,0.0,0.0,0,0,
Kirby #1,2020-01-08,3.34,0.0,1.67,0,0,comp dn parkway comp dn
Kleimann #3,2020-01-08,0.17,0.0,140.28,0,0,
Lloyd #1,2020-01-08,0.0,0.0,0.0,0,0,OFF
McLean #1,2020-01-08,9.08,0.0,0.0,0,0,
Montemayor #1,2020-01-08,5.01,0.0,0.0,0,0,
Paddy 19 State #1 & #5,2020-01-08,2.76,0.0,97.75,0,0,Started Paddy 19-1.
Palm #1,2020-01-08,119.28,1015.5,175.09,0,0,
Pierce Ranch #4,2020-01-08,1.16,23.0,6.68,0,0,
Preston #1,2020-01-08,6.68,324.1,0.0,0,0,
Rhodes #1,2020-01-08,1.67,0.0,0.0,0,0,
Terrell #1,2020-01-08,0.0,50.0,1.67,0,0,Enterprise Sales- 50 MCF
Vermillion #1,2020-01-08,0.0,0.0,25.05,0,0,parkway comp dn
Wayne #1,2020-01-08,0.0,262.0,0.0,0,0,
Wendel Unit #1,2020-01-08,0.0,0.0,0.0,0,0,
White Marlin #1,2020-01-08,0.0,0.0,0.0,0,0,
Wittig Sisters #1,2020-01-08,0.0,0.0,0.0,0,0,
Blair TXL 7 #1,2020-01-07,2.75,25.0,0.0,0,0,
Blair TXL 7 #2,2020-01-07,5.58,25.0,0.0,0,0,
Blair TXL 7 #3,2020-01-07,3.0,0.0,0.0,0,0,
CL Moore 6,2020-01-07,0.0,292.0,1.67,0,0,
CL Moore 8,2020-01-07,0.0,0.0,0.0,0,0,Well dn
Davis Lease,2020-01-07,19.53,0.0,156.0,0,0,
Dyer Unit #10,2020-01-07,2.32,35.0,10.02,0,0,
Fridel #1,2020-01-07,0.0,0.0,0.0,0,0,
Huber #1,2020-01-07,5.01,0.0,0.0,0,0,
JM Moore 178,2020-01-07,3.34,65.0,0.0,0,0,P.u dn started up ok
JM Moore 192,2020-01-07,15.03,0.0,154.0,0,0,
Joe #1,2020-01-07,1.67,0.0,0.0,0,0,
Kirby #1,2020-01-07,1.67,0.0,0.0,0,0,comp dn parkway comp dn
Kleimann #3,2020-01-07,0.0,0.0,118.45,0,0,
Lloyd #1,2020-01-07,0.0,0.0,0.0,0,0,
McLean #1,2020-01-07,6.81,0.0,0.0,0,0,
Montemayor #1,2020-01-07,0.0,0.0,0.0,0,0,
Paddy 19 State #1 & #5,2020-01-07,5.52,0.0,30.25,0,0,Hot watered 19-5.
Palm #1,2020-01-07,182.0,923.5,176.5,0,0,
Pierce Ranch #4,2020-01-07,1.16,24.0,6.68,0,0,
Preston #1,2020-01-07,10.02,276.7,1.45,0,0,
Rhodes #1,2020-01-07,0.0,0.0,6.68,0,0,
Terrell #1,2020-01-07,3.34,54.0,1.67,0,0,Enterprise Sales-54 MCF
Vermillion #1,2020-01-07,0.0,0.0,1.41,0,0,parkway comp dn
Wayne #1,2020-01-07,0.0,262.0,0.0,0,0,
Wendel Unit #1,2020-01-07,0.0,0.0,0.0,0,0,
White Marlin #1,2020-01-07,6.68,0.0,15.03,0,0,
Wittig Sisters #1,2020-01-07,0.0,0.0,0.0,0,0,
Blair TXL 7 #1,2020-01-06,2.75,17.0,0.0,0,0,
Blair TXL 7 #2,2020-01-06,11.16,17.0,0.0,0,0,
Blair TXL 7 #3,2020-01-06,3.0,0.0,0.0,0,0,
CL Moore 6,2020-01-06,0.0,297.0,3.34,0,0,
CL Moore 8,2020-01-06,0.0,0.0,0.0,0,0,Well dn
Davis Lease,2020-01-06,22.32,0.0,179.5,0,0,
Dyer Unit #10,2020-01-06,1.16,30.0,20.04,0,0,
Fridel #1,2020-01-06,0.0,0.0,0.0,0,0,OFF
Huber #1,2020-01-06,0.0,0.0,0.0,0,0,bol
JM Moore 178,2020-01-06,5.01,140.0,1.67,0,0,
JM Moore 192,2020-01-06,15.03,0.0,148.0,0,0,
Joe #1,2020-01-06,0.0,0.0,0.0,0,0,unit BOL
Kirby #1,2020-01-06,1.67,57.1,5.01,0,0,comp dn at parkway bol
Kleimann #3,2020-01-06,0.0,0.0,3.34,0,0,dn engine over heating bol
Lloyd #1,2020-01-06,0.0,0.0,0.0,0,0,OFF
McLean #1,2020-01-06,4.54,0.0,0.0,0,0,
Montemayor #1,2020-01-06,0.0,0.0,0.0,0,0,bol
Paddy 19 State #1 & #5,2020-01-06,5.52,0.0,45.75,0,0,
Palm #1,2020-01-06,126.56,119.8,133.34,0,0,bol comp down on low suction
Pierce Ranch #4,2020-01-06,1.16,27.0,5.01,0,0,
Preston #1,2020-01-06,8.35,353.1,71.81,0,0,
Rhodes #1,2020-01-06,6.68,0.0,11.69,0,0,
Terrell #1,2020-01-06,0.84,56.0,1.67,0,0,Enterprise Sales- 56 MCF
Vermillion #1,2020-01-06,3.34,26.9,11.69,0,0,
Wayne #1,2020-01-06,0.0,260.0,0.0,0,0,
Wendel Unit #1,2020-01-06,0.0,0.0,0.0,0,0,
White Marlin #1,2020-01-06,0.0,0.0,0.0,0,0,unit BOL
Wittig Sisters #1,2020-01-06,0.0,0.0,0.0,0,0,
Blair TXL 7 #1,2020-01-05,8.25,17.0,0.0,0,0,
Blair TXL 7 #2,2020-01-05,13.95,17.0,0.0,0,0,
Blair TXL 7 #3,2020-01-05,8.0,0.0,0.0,0,0,
CL Moore 6,2020-01-05,1.16,324.0,3.34,0,0,
CL Moore 8,2020-01-05,0.0,0.0,0.0,0,0,Well dn
Davis Lease,2020-01-05,19.53,0.0,162.75,0,0,
Dyer Unit #10,2020-01-05,1.16,25.0,3.08,0,0,
Fridel #1,2020-01-05,0.0,0.0,0.0,0,0,OFF
Huber #1,2020-01-05,0.0,0.0,0.0,0,0,unit off till monday
JM Moore 178,2020-01-05,8.35,70.0,1.67,0,0,Comp dn hi liquid level called mech
JM Moore 192,2020-01-05,15.03,0.0,151.0,0,0,
Joe #1,2020-01-05,0.0,0.0,0.0,0,0,
Kirby #1,2020-01-05,3.34,182.2,10.02,0,0,
Kleimann #3,2020-01-05,0.0,0.0,0.0,0,0,P/U BOL down on ?
Lloyd #1,2020-01-05,0.0,0.0,0.0,0,0,OFF
McLean #1,2020-01-05,10.41,0.0,0.0,0,0,
Montemayor #1,2020-01-05,0.0,0.0,0.0,0,0,unit off till monday
Paddy 19 State #1 & #5,2020-01-05,5.52,0.0,27.5,0,0,
Palm #1,2020-01-05,185.0,0.0,210.22,0,0,well shut in  on low press on heater? BOL
Pierce Ranch #4,2020-01-05,1.16,27.0,5.01,0,0,
Preston #1,2020-01-05,8.35,362.2,31.47,0,0,
Rhodes #1,2020-01-05,5.01,0.0,8.35,0,0,
Terrell #1,2020-01-05,0.0,60.0,8.35,0,0,Enterprise Sales- 60 MCF
Vermillion #1,2020-01-05,0.0,97.5,0.0,0,0,
Wayne #1,2020-01-05,0.0,220.0,0.0,0,0,
Wendel Unit #1,2020-01-05,0.0,0.0,0.0,0,0,
White Marlin #1,2020-01-05,0.0,0.0,0.0,0,0,unit off till monday
Wittig Sisters #1,2020-01-05,0.0,0.0,0.0,0,0,
Blair TXL 7 #1,2020-01-04,12.38,17.0,0.0,0,0,
Blair TXL 7 #2,2020-01-04,13.95,17.0,0.0,0,0,
Blair TXL 7 #3,2020-01-04,11.0,0.0,0.0,0,0,
CL Moore 6,2020-01-04,0.0,330.0,3.34,0,0,
CL Moore 8,2020-01-04,0.0,0.0,0.0,0,0,Well dn
Davis Lease,2020-01-04,22.32,0.0,168.75,0,0,
Dyer Unit #10,2020-01-04,0.0,30.0,3.34,0,0,
Fridel #1,2020-01-04,0.0,0.0,0.0,0,0,OFF
Huber #1,2020-01-04,0.0,0.0,0.0,0,0,unit off till monday
JM Moore 178,2020-01-04,5.01,140.0,1.67,0,0,
JM Moore 192,2020-01-04,13.36,0.0,161.0,0,0,
Joe #1,2020-01-04,0.0,0.0,0.0,0,0,
Kirby #1,2020-01-04,5.01,161.3,0.0,0,0,
Kleimann #3,2020-01-04,0.0,0.0,1.67,0,0,unit dn low fuel gas bol
Lloyd #1,2020-01-04,0.0,0.0,0.0,0,0,OFF
McLean #1,2020-01-04,6.81,0.0,0.0,0,0,
Montemayor #1,2020-01-04,0.0,0.0,0.0,0,0,unit off till monday
Paddy 19 State #1 & #5,2020-01-04,5.52,0.0,41.25,0,0,
Palm #1,2020-01-04,163.26,1018.8,189.86,0,0,
Pierce Ranch #4,2020-01-04,2.27,24.0,6.68,0,0,
Preston #1,2020-01-04,8.35,346.4,26.72,0,0,
Rhodes #1,2020-01-04,3.34,0.0,3.34,0,0,
Terrell #1,2020-01-04,0.0,63.0,5.01,0,0,Enterprise Sales-63 MCF
Vermillion #1,2020-01-04,1.67,85.9,0.0,0,0,
Wayne #1,2020-01-04,0.0,219.0,0.0,0,0,
Wendel Unit #1,2020-01-04,0.0,0.0,0.0,0,0,
White Marlin #1,2020-01-04,0.0,0.0,0.0,0,0,unit off till monday
Wittig Sisters #1,2020-01-04,0.0,0.0,0.0,0,0,
Blair TXL 7 #1,2020-01-03,1.38,18.0,0.0,0,0,
Blair TXL 7 #2,2020-01-03,9.76,17.0,0.0,0,0,
Blair TXL 7 #3,2020-01-03,0.0,0.0,0.0,0,0,
CL Moore 6,2020-01-03,0.0,326.0,3.34,0,0,
CL Moore 8,2020-01-03,0.0,0.0,0.0,0,0,Well dn
Davis Lease,2020-01-03,22.32,0.0,179.0,0,0,
Dyer Unit #10,2020-01-03,1.16,35.0,16.7,0,0,
Fridel #1,2020-01-03,0.0,0.0,0.0,0,0,OFF
Huber #1,2020-01-03,0.0,0.0,0.0,0,0,unit off till monday
JM Moore 178,2020-01-03,8.35,35.0,0.0,0,0,
JM Moore 192,2020-01-03,15.03,0.0,154.0,0,0,
Joe #1,2020-01-03,0.0,0.0,0.0,0,0,
Kirby #1,2020-01-03,5.01,0.0,3.34,0,0,comp.down BOL low suct.
Kleimann #3,2020-01-03,0.0,0.0,8.35,0,0,unit dn bol
Lloyd #1,2020-01-03,0.0,0.0,0.0,0,0,OFF
McLean #1,2020-01-03,9.08,0.0,3.34,0,0,
Montemayor #1,2020-01-03,0.0,0.0,0.0,0,0,unit off till monday
Paddy 19 State #1 & #5,2020-01-03,8.28,0.0,41.25,0,0,
Palm #1,2020-01-03,161.36,1018.5,163.4,0,0,
Pierce Ranch #4,2020-01-03,2.27,27.0,6.68,0,0,
Preston #1,2020-01-03,8.35,342.9,60.12,0,0,
Rhodes #1,2020-01-03,5.01,0.0,6.68,0,0,
Terrell #1,2020-01-03,0.0,64.0,5.01,0,0,Enterprise Sales- 64 MCF
Vermillion #1,2020-01-03,1.67,70.6,20.04,0,0,
Wayne #1,2020-01-03,0.0,219.0,0.0,0,0,
Wendel Unit #1,2020-01-03,0.0,0.0,0.0,0,0,
White Marlin #1,2020-01-03,0.0,0.0,0.0,0,0,unit off till monday
Wittig Sisters #1,2020-01-03,0.0,0.0,0.0,0,0,
Blair TXL 7 #1,2020-01-02,1.38,19.0,0.0,0,0,
Blair TXL 7 #2,2020-01-02,11.16,18.0,0.0,0,0,
Blair TXL 7 #3,2020-01-02,0.0,0.0,0.0,0,0,
CL Moore 6,2020-01-02,0.0,317.0,1.67,0,0,
CL Moore 8,2020-01-02,0.0,0.0,0.0,0,0,Well down
Davis Lease,2020-01-02,22.32,0.0,190.5,0,0,
Dyer Unit #10,2020-01-02,0.0,25.0,20.04,0,0,
Fridel #1,2020-01-02,0.0,0.0,0.0,0,0,OFF
Huber #1,2020-01-02,0.0,0.0,0.0,0,0,unit off till monday
JM Moore 178,2020-01-02,5.01,140.0,-1.16,0,0,
JM Moore 192,2020-01-02,13.36,0.0,144.0,0,0,
Joe #1,2020-01-02,0.0,0.0,0.0,0,0,
Kirby #1,2020-01-02,5.01,0.0,1.67,0,0,
Kleimann #3,2020-01-02,0.0,0.0,0.0,0,0,unit dn bol
Lloyd #1,2020-01-02,0.0,0.0,0.0,0,0,OFF
McLean #1,2020-01-02,2.27,0.0,3.34,0,0,
Montemayor #1,2020-01-02,0.0,0.0,0.0,0,0,unit off till monday
Paddy 19 State #1 & #5,2020-01-02,8.28,0.0,36.5,0,0,
Palm #1,2020-01-02,77.22,995.3,131.67,0,0,
Pierce Ranch #4,2020-01-02,1.16,28.0,5.01,0,0,
Preston #1,2020-01-02,8.35,341.9,25.05,0,0,
Rhodes #1,2020-01-02,6.68,0.0,5.01,0,0,
Terrell #1,2020-01-02,0.0,61.0,30.06,0,0,Enterprise Sales- 61 MCF
Vermillion #1,2020-01-02,6.68,53.8,38.41,0,0,
Wayne #1,2020-01-02,0.0,220.0,0.0,0,0,
Wendel Unit #1,2020-01-02,0.0,0.0,0.0,0,0,
White Marlin #1,2020-01-02,0.0,0.0,0.0,0,0,unit off till monday
Wittig Sisters #1,2020-01-02,0.0,0.0,0.0,0,0,
Blair TXL 7 #1,2020-01-01,1.38,30.0,0.0,0,0,
Blair TXL 7 #2,2020-01-01,8.37,17.0,0.0,0,0,
Blair TXL 7 #3,2020-01-01,0.0,0.0,0.0,0,0,
CL Moore 6,2020-01-01,0.0,317.0,0.0,0,0,
CL Moore 8,2020-01-01,0.0,0.0,0.0,0,0,Well down
Davis Lease,2020-01-01,22.32,0.0,203.5,0,0,Shut #1 down
Dyer Unit #10,2020-01-01,1.16,25.0,10.02,0,0,
Fridel #1,2020-01-01,0.0,0.0,0.0,0,0,OFF
Huber #1,2020-01-01,0.0,0.0,0.0,0,0,unit off till monday
JM Moore 178,2020-01-01,3.34,140.0,1.16,0,0,
JM Moore 192,2020-01-01,15.03,0.0,159.0,0,0,CT
Joe #1,2020-01-01,0.0,0.0,0.0,0,0,
Kirby #1,2020-01-01,3.34,0.0,3.34,0,0,comp dn bol
Kleimann #3,2020-01-01,0.0,0.0,0.0,0,0,unit down? BOL
Lloyd #1,2020-01-01,0.0,0.0,0.0,0,0,OFF
McLean #1,2020-01-01,6.81,0.0,0.0,0,0,
Montemayor #1,2020-01-01,0.0,0.0,0.0,0,0,unit off till monday
Paddy 19 State #1 & #5,2020-01-01,5.52,0.0,27.5,0,0,
Palm #1,2020-01-01,202.74,999.9,163.4,0,0,
Pierce Ranch #4,2020-01-01,1.16,27.0,5.01,0,0,
Preston #1,2020-01-01,8.35,347.2,18.37,0,0,
Rhodes #1,2020-01-01,3.34,0.0,3.34,0,0,
Terrell #1,2020-01-01,0.0,64.0,5.01,0,0,Enterprise Sales- 64 MCF
Vermillion #1,2020-01-01,0.0,40.8,40.08,0,0,
Wayne #1,2020-01-01,0.0,237.0,0.0,0,0,
Wendel Unit #1,2020-01-01,0.0,0.0,0.0,0,0,Shut down still waiting for Inland to repair swd pump
White Marlin #1,2020-01-01,0.0,0.0,0.0,0,0,unit off till monday
Wittig Sisters #1,2020-01-01,0.0,0.0,0.0,0,0,
